model,checkpoint,frac_sig,mu_true,bias,mean_width,n_open,n_spike,tail_share,max_r_toys,best_epoch,bce,auc
frozen,best,0.03,0.4,0.31110163995997175,0.6366570677844865,0,8,0.02475324348411465,172.68655680136,1,0.45286524578077536,0.8641217482712865
frozen,last,0.03,0.4,0.6025227267023424,0.041406428955835635,0,48,0.822533788981287,24847.8861160911,1,0.5284202133705803,0.8475686524680481
pretrained,best,0.03,0.4,0.2730252808160274,0.7860583105707265,0,3,0.004952690115263245,118.2167049834502,1,0.4471229630050396,0.8688620654171408
pretrained,last,0.03,0.4,0.5979595866869468,0.06658860675053607,0,48,0.8217499737231658,22071.184155939158,1,0.9978357377867054,0.810008966132438
scratch,best,0.03,0.4,0.048136318644572074,0.8364432554641885,0,0,0.0,22.367340254342203,1,0.4320310858190603,0.8800281090057378
scratch,last,0.03,0.4,0.5832069393520268,0.22981964472229166,0,48,0.33401549035732553,1519.6886813268525,1,2.0091273578308546,0.7877651285076399
frozen,best,1.0,0.4,-0.03888284213901233,0.9137207991596193,0,1,6.643135010479376e-05,65.24490958767642,29,0.4378223806660699,0.8744236493044647
frozen,last,1.0,0.4,-0.061719852739424874,0.9378982002160724,0,1,6.734741168689699e-05,66.02181763605522,29,0.43775313686760126,0.8744280051448595
pretrained,best,1.0,0.4,0.5820436954993855,0.4475218034010801,0,47,0.02886154813873606,475.0232084963899,29,0.42339310028071026,0.8845131072502099
pretrained,last,1.0,0.4,0.584959083928342,0.43981722124110045,0,47,0.03302866487722143,480.66473889646295,29,0.42324902538023945,0.8845088382866726
scratch,best,1.0,0.4,0.0491126813352733,0.7120737669928952,0,0,0.0,15.557405392106007,3,0.43052098144246775,0.8845541250455438
scratch,last,1.0,0.4,-0.1134994634371827,0.43407471924109536,0,0,0.00589722689550763,775.187776284134,3,0.4209363644931308,0.886108365206256
frozen,best,0.03,2.5,-0.1370245301370363,0.6483658832277824,1,0,0.02475324348411465,172.68655680136,1,0.45286524578077536,0.8641217482712865
frozen,last,0.03,2.5,-2.5,,48,0,0.822533788981287,24847.8861160911,1,0.5284202133705803,0.8475686524680481
pretrained,best,0.03,2.5,-0.2137738287031894,0.5046137958846847,1,0,0.004952690115263245,118.2167049834502,1,0.4471229630050396,0.8688620654171408
pretrained,last,0.03,2.5,-2.5,,48,0,0.8217499737231658,22071.184155939158,1,0.9978357377867054,0.810008966132438
scratch,best,0.03,2.5,-0.06548930685583487,0.6052393820623746,0,0,0.0,22.367340254342203,1,0.4320310858190603,0.8800281090057378
scratch,last,0.03,2.5,-2.5,,48,0,0.33401549035732553,1519.6886813268525,1,2.0091273578308546,0.7877651285076399
frozen,best,1.0,2.5,0.011278054440154062,0.6217014593845435,0,0,6.643135010479376e-05,65.24490958767642,29,0.4378223806660699,0.8744236493044647
frozen,last,1.0,2.5,0.055985886704119636,0.6222825680767797,0,0,6.734741168689699e-05,66.02181763605522,29,0.43775313686760126,0.8744280051448595
pretrained,best,1.0,2.5,-0.0012716776956303022,0.5858576991259579,0,0,0.02886154813873606,475.0232084963899,29,0.42339310028071026,0.8845131072502099
pretrained,last,1.0,2.5,-0.016278026556875158,0.5816967796083127,0,0,0.03302866487722143,480.66473889646295,29,0.42324902538023945,0.8845088382866726
scratch,best,1.0,2.5,0.04351870643962119,0.7242661602422776,0,0,0.0,15.557405392106007,3,0.43052098144246775,0.8845541250455438
scratch,last,1.0,2.5,-0.7475304171228727,0.5884592178025786,0,0,0.00589722689550763,775.187776284134,3,0.4209363644931308,0.886108365206256
