variant,seed,frac_sig,frac_sbi,mu_true,n_toys,n_valid,mean_muhat,std_muhat,mean_width,n_open,mean_t_true,frac_covering,n_boundary,bias,mean_halfwidth,bias_se_toys,bias_over_sigma
frozen,0,0.01,0.01,0.4,48,48,0.8071708474622898,0.08109058966746469,0.31137799316525466,0,9.954644426797662,0.020833333333333332,0,0.4071708474622898,0.15568899658262733,0.011704418443314057,2.615283394457462
frozen,0,0.01,0.01,2.5,48,48,0.9032153841385715,0.953000196330969,0.5283767899586937,25,6.584033193627647,0.0,25,-1.5967846158614285,0.2641883949793469,0.1375537299723628,-6.044113391075555
frozen,0,0.03,0.03,0.4,48,48,0.6704136270633851,0.1312237046141721,0.594644254337911,0,2.3892502419082575,0.375,0,0.2704136270633851,0.2973221271689555,0.01894051029576305,0.9094971492307418
frozen,0,0.03,0.03,2.5,48,48,2.312273001605732,0.0766894809101815,0.6563247385673389,0,0.3779498943636857,0.9791666666666666,0,-0.1877269983942682,0.32816236928366943,0.01106917311187649,-0.5720552262102716
frozen,0,0.1,0.1,0.4,48,48,0.8137815000811378,0.167282356247241,0.4317630662498477,0,6.951010693698511,0.08333333333333333,0,0.4137815000811378,0.21588153312492386,0.024145128352504867,1.9167063254164285
frozen,0,0.1,0.1,2.5,48,48,2.2074585219590195,0.07745741976772592,0.5735575896108501,0,1.0827305778420093,0.4583333333333333,0,-0.2925414780409805,0.28677879480542506,0.011180015538407601,-1.0200945235140741
frozen,0,0.3,0.3,0.4,48,48,0.8022906473925464,0.11822274728781508,0.46087716692413383,0,7.006984394349881,0.0,0,0.4022906473925464,0.23043858346206691,0.017063983742739285,1.7457608068432189
frozen,0,0.3,0.3,2.5,48,48,2.1752308261467506,0.07473174726015404,0.5710768250935399,0,1.314780692068022,0.3541666666666667,0,-0.32476917385324944,0.2855384125467699,0.010786598599415253,-1.137392237200498
frozen,0,1.0,1.0,0.4,48,48,0.7590078089158507,0.049831118092212724,0.3661593647872115,0,6.679432422179389,0.0,0,0.3590078089158507,0.18307968239360575,0.007192502361139762,1.960937468440733
frozen,0,1.0,1.0,2.5,48,48,2.0787857502386107,0.07461603236241383,0.5639772981278962,0,2.213964030184419,0.020833333333333332,0,-0.4212142497613893,0.2819886490639481,0.010769896592575365,-1.4937276771940855
poster,0,1.0,1.0,0.4,48,48,0.9081502070824096,0.11900541360400972,0.4049796812151955,0,7.985699368753558,0.0,0,0.5081502070824095,0.20248984060759775,0.017176951894824443,2.509509640373251
poster,0,1.0,1.0,2.5,48,48,2.3340229236854397,0.07634728233885217,0.572915138546893,0,0.39805475776536997,0.9375,0,-0.16597707631456027,0.2864575692734465,0.011019781002558167,-0.5794124300346972
pretrained,0,0.01,0.01,0.4,48,48,0.9305888800876616,0.13615599495709751,0.1625921199403527,0,15.904477685288535,0.0,0,0.5305888800876616,0.08129605997017635,0.019652425085065397,6.526624787010704
pretrained,0,0.01,0.01,2.5,48,48,0.422878770370321,0.7845407720140681,0.5373876983232649,37,8.194045901156793,0.0,37,-2.077121229629679,0.26869384916163247,0.11323870647813977,-7.73043832640988
pretrained,0,0.03,0.03,0.4,48,48,0.9936588555662659,0.02433956014955736,0.11890841459015378,0,33.401631213698316,0.0,0,0.5936588555662659,0.05945420729507689,0.0035131129010760077,9.985144577235392
pretrained,0,0.03,0.03,2.5,48,48,0.0,0.0,,48,30.710819386093664,,48,-2.5,,0.0,
pretrained,0,0.1,0.1,0.4,48,48,0.014128258057119245,0.01962472103208545,0.0319319301202772,25,18.676664417010972,0.0,24,-0.38587174194288076,0.0159659650601386,0.0028325844926614615,-24.168394487237528
pretrained,0,0.1,0.1,2.5,48,48,0.0,0.0,,48,38.76026334636966,,48,-2.5,,0.0,
pretrained,0,0.3,0.3,0.4,48,48,0.9521197165704748,0.14304716885470606,0.33342565814888575,0,13.634037733922318,0.020833333333333332,0,0.5521197165704748,0.16671282907444288,0.0206470803612696,3.311801015169233
pretrained,0,0.3,0.3,2.5,48,48,2.275850916098076,0.12389472397343369,0.47883041475493915,0,0.929764225827436,0.5833333333333334,0,-0.22414908390192378,0.23941520737746957,0.017882663059309082,-0.9362357820007785
pretrained,0,1.0,1.0,0.4,48,48,0.4560657091427674,0.19140741039290365,0.8084291805275517,0,0.3648025980774037,0.8333333333333334,0,0.05606570914276737,0.4042145902637759,0.027627279978808025,0.138702833824432
pretrained,0,1.0,1.0,2.5,48,48,2.326690481725188,0.0770883681258909,0.5819047981075278,0,0.4290323682509249,0.9166666666666666,0,-0.1733095182748121,0.2909523990537639,0.01112674752221802,-0.5956627917090553
pretrained,1,0.01,0.01,0.4,48,48,0.9708095628101691,0.033594355211200966,0.20759188496921266,0,57.466145027103266,0.0,0,0.570809562810169,0.10379594248460633,0.004848927506109696,5.49934370406458
pretrained,1,0.01,0.01,2.5,48,48,0.0,0.0,,48,20.92294517789848,,48,-2.5,,0.0,
pretrained,1,0.03,0.03,0.4,48,48,0.9913450371835014,0.04222977382455541,0.20316651154699142,0,57.845699812750276,0.0,0,0.5913450371835014,0.10158325577349571,0.00609534282135602,5.821284548135052
pretrained,1,0.03,0.03,2.5,48,48,0.3037772869851143,0.6873622855914712,0.47444989631606627,40,12.045569120541208,0.0,40,-2.196222713014886,0.23722494815803313,0.09921220015425808,-9.257975310218296
pretrained,1,0.1,0.1,0.4,48,48,0.637986030325455,0.36503146440092044,0.2690726241282105,0,13.38466401923021,0.0,0,0.23798603032545496,0.13453631206410524,0.05268775355863868,1.7689352909574103
pretrained,1,0.1,0.1,2.5,48,48,1.2893188438194312,1.102669807270222,0.5664982423663826,20,2.057556899227999,0.5357142857142857,20,-1.2106811561805688,0.2832491211831913,0.15915667751368384,-4.274262709530389
pretrained,2,0.01,0.01,0.4,48,48,0.9245167053125719,0.13467139084965157,0.22448460600820108,0,37.646690181489475,0.0,0,0.5245167053125719,0.11224230300410054,0.01943814093979691,4.673075046343354
pretrained,2,0.01,0.01,2.5,48,48,1.1945247162607557,0.8564018230520559,0.5115014188812523,16,7.7172912938092395,0.0,16,-1.3054752837392443,0.25575070944062617,0.12361095576839769,-5.10448352848975
pretrained,2,0.03,0.03,0.4,48,48,0.6505497327103337,0.2944339672082707,0.39000964990418696,0,2.098237426883164,0.3958333333333333,0,0.25054973271033365,0.19500482495209348,0.042497882556566134,1.2848386329511887
pretrained,2,0.03,0.03,2.5,48,48,2.1384212958564137,0.08739037599060301,0.6181801885111321,0,1.4331671837593756,0.3125,0,-0.3615787041435863,0.30909009425556605,0.012613714275689315,-1.1698165384899746
pretrained,2,0.1,0.1,0.4,48,48,0.97748819526356,0.036814567126780814,0.18148698778558725,0,21.408487072787693,0.0,0,0.57748819526356,0.09074349389279363,0.005313725060186613,6.363962533179705
pretrained,2,0.1,0.1,2.5,48,48,1.7579504111744202,0.46560607789414166,0.5560717485195783,3,5.002515271895845,0.0,3,-0.7420495888255798,0.27803587425978915,0.06720444860212714,-2.668898719638707
scratch,0,0.01,0.01,0.4,48,48,0.6024843635922268,0.09341922286297684,0.7814396069375752,0,0.26987811377118,1.0,0,0.20248436359222677,0.3907198034687876,0.01348390336685633,0.518234196973336
scratch,0,0.01,0.01,2.5,48,48,1.206161879173388,0.9040495929008403,0.5381020257273003,17,6.218746960180549,0.0,17,-1.293838120826612,0.26905101286365013,0.13048831895551793,-4.808895187033934
scratch,0,0.03,0.03,0.4,48,48,0.3611645390356557,0.015052463450161384,0.5420829427937943,0,0.020536902331893193,1.0,0,-0.038835460964344315,0.27104147139689716,0.0021726359562294194,-0.14328235736101047
scratch,0,0.03,0.03,2.5,48,48,1.9474502558495834,0.07284470267101825,0.5934755108759437,0,3.445335887479738,0.0,0,-0.5525497441504166,0.2967377554379719,0.01051422717403766,-1.8620810261736915
scratch,0,0.1,0.1,0.4,48,48,0.2997025699372197,0.046422130219309354,0.6986631479132606,0,0.12224401070390434,1.0,0,-0.1002974300627803,0.3493315739566303,0.00670045734461853,-0.28711240992843173
scratch,0,0.1,0.1,2.5,48,48,2.297589903161184,0.0737370948389716,0.5490937192200499,0,0.6024314919668541,0.9166666666666666,0,-0.20241009683881606,0.27454685961002495,0.010643032888635306,-0.7372515465167796
scratch,0,0.3,0.3,0.4,48,48,0.3818405731370151,0.05583884008327973,0.6214946165402463,0,0.1679425834277026,0.9375,0,-0.01815942686298494,0.31074730827012315,0.008059642338329506,-0.05843792168007938
scratch,0,0.3,0.3,2.5,48,48,2.2253261680151075,0.0777084561162698,0.58115439961108,0,0.9433962317867403,0.5416666666666666,0,-0.2746738319848925,0.29057719980554,0.011216249514259648,-0.9452697326862178
scratch,0,1.0,1.0,0.4,48,48,0.28127640405672955,0.04416491631603,0.7225598709495004,0,0.15193592763724453,1.0,0,-0.11872359594327048,0.3612799354747502,0.0063746565809493045,-0.32861940087333763
scratch,0,1.0,1.0,2.5,48,48,2.3222489931031296,0.07448763501564395,0.5610805403414706,0,0.46271358027896287,0.9375,0,-0.1777510068968704,0.2805402701707353,0.010751364031895158,-0.63360246565918
scratch,1,0.01,0.01,0.4,48,48,0.9639596618978334,0.03400001178998957,0.20963866619120627,0,32.811764159501614,0.0,0,0.5639596618978334,0.10481933309560314,0.004907478989850232,5.380301946621428
scratch,1,0.01,0.01,2.5,48,48,1.7638509108486484,0.07707274366003358,0.4644935363102635,0,9.03955399400555,0.0,0,-0.7361490891513516,0.23224676815513176,0.011124492324825853,-3.169684964828586
scratch,1,0.03,0.03,0.4,48,48,0.5119597237933564,0.1326303913531419,0.6811838563098483,0,0.6171960816088055,0.8958333333333334,0,0.11195972379335639,0.3405919281549242,0.019143548037615473,0.32872101344230786
scratch,1,0.03,0.03,2.5,48,48,2.0216254233970528,0.07560463838871118,0.5484765891110033,0,3.0177648517197517,0.0,0,-0.47837457660294724,0.27423829455550164,0.010912589581426678,-1.7443755525767082
scratch,1,0.1,0.1,0.4,48,48,0.4295732399505754,0.23267538264025658,0.9774098550800877,0,0.11541214035431342,1.0,0,0.02957323995057537,0.48870492754004385,0.03358379870028783,0.060513488373108694
scratch,1,0.1,0.1,2.5,48,48,2.350037562666487,0.07227116488806812,0.5536110966496086,0,0.3546265281635594,0.9583333333333334,0,-0.1499624373335129,0.2768055483248043,0.01043144412569349,-0.5417609518344864
scratch,2,0.01,0.01,0.4,48,48,0.579676408762998,0.07688110053646757,0.709891876462246,0,0.4402569188477325,0.9166666666666666,0,0.17967640876299795,0.354945938231123,0.01109683102258106,0.5062078176141902
scratch,2,0.01,0.01,2.5,48,48,1.762341610329874,0.0789590143959468,0.5570739386548366,0,6.783730692964809,0.0,0,-0.7376583896701261,0.2785369693274183,0.011396752054111855,-2.6483320740199976
scratch,2,0.03,0.03,0.4,48,48,0.4187886488413257,0.300378914531925,0.5482337774009595,0,1.2425936190910913,0.5,0,0.018788648841325695,0.27411688870047973,0.043355961790973625,0.06854247080651625
scratch,2,0.03,0.03,2.5,48,48,2.026293599493131,0.07784183934649687,0.5297655573040393,0,3.110976027529811,0.0,0,-0.47370640050686896,0.26488277865201965,0.011235501725228893,-1.788362395311414
scratch,2,0.1,0.1,0.4,48,48,0.4366579540486664,0.04568435317296956,0.7165162245911033,0,0.046932480138139,0.9791666666666666,0,0.0366579540486664,0.35825811229555166,0.006593968400541978,0.10232274661913235
scratch,2,0.1,0.1,2.5,48,48,2.212308750364377,0.07404092766323574,0.5813695823463135,0,1.022787381187224,0.4583333333333333,0,-0.287691249635623,0.29068479117315676,0.01068688737935469,-0.9897017607097629
