variant,frac_sig,frac_sbi,mu_true,n_seeds,bias_mean,bias_seed_std,abs_bias_mean,width_mean,halfwidth_mean,bias_over_sigma_mean,std_muhat_mean,bias_se_toys_mean,n_open_max,bias_err,err_kind
frozen,0.01,0.01,0.4,1,0.4071708474622898,,0.4071708474622898,0.31137799316525466,0.15568899658262733,2.615283394457462,0.08109058966746469,0.011704418443314057,0,0.011704418443314057,toy_se
frozen,0.01,0.01,2.5,1,-1.5967846158614285,,1.5967846158614285,0.5283767899586937,0.2641883949793469,-6.044113391075555,0.953000196330969,0.1375537299723628,25,0.1375537299723628,toy_se
frozen,0.03,0.03,0.4,1,0.2704136270633851,,0.2704136270633851,0.594644254337911,0.2973221271689555,0.9094971492307418,0.1312237046141721,0.01894051029576305,0,0.01894051029576305,toy_se
frozen,0.03,0.03,2.5,1,-0.1877269983942682,,0.1877269983942682,0.6563247385673389,0.32816236928366943,-0.5720552262102716,0.0766894809101815,0.01106917311187649,0,0.01106917311187649,toy_se
frozen,0.1,0.1,0.4,1,0.4137815000811378,,0.4137815000811378,0.4317630662498477,0.21588153312492386,1.9167063254164285,0.167282356247241,0.024145128352504867,0,0.024145128352504867,toy_se
frozen,0.1,0.1,2.5,1,-0.2925414780409805,,0.2925414780409805,0.5735575896108501,0.28677879480542506,-1.0200945235140741,0.07745741976772592,0.011180015538407601,0,0.011180015538407601,toy_se
frozen,0.3,0.3,0.4,1,0.4022906473925464,,0.4022906473925464,0.46087716692413383,0.23043858346206691,1.7457608068432189,0.11822274728781508,0.017063983742739285,0,0.017063983742739285,toy_se
frozen,0.3,0.3,2.5,1,-0.32476917385324944,,0.32476917385324944,0.5710768250935399,0.2855384125467699,-1.137392237200498,0.07473174726015404,0.010786598599415253,0,0.010786598599415253,toy_se
frozen,1.0,1.0,0.4,1,0.3590078089158507,,0.3590078089158507,0.3661593647872115,0.18307968239360575,1.960937468440733,0.049831118092212724,0.007192502361139762,0,0.007192502361139762,toy_se
frozen,1.0,1.0,2.5,1,-0.4212142497613893,,0.4212142497613893,0.5639772981278962,0.2819886490639481,-1.4937276771940855,0.07461603236241383,0.010769896592575365,0,0.010769896592575365,toy_se
poster,1.0,1.0,0.4,1,0.5081502070824095,,0.5081502070824095,0.4049796812151955,0.20248984060759775,2.509509640373251,0.11900541360400972,0.017176951894824443,0,0.017176951894824443,toy_se
poster,1.0,1.0,2.5,1,-0.16597707631456027,,0.16597707631456027,0.572915138546893,0.2864575692734465,-0.5794124300346972,0.07634728233885217,0.011019781002558167,0,0.011019781002558167,toy_se
pretrained,0.01,0.01,0.4,3,0.5419717160701342,0.025158177200984063,0.5419717160701342,0.19822287030592214,0.09911143515296107,5.566347845806213,0.10147391367265002,0.014646497843657333,0,0.025158177200984063,seed_std
pretrained,0.01,0.01,2.5,3,-1.9608655044563077,0.6056887564303547,1.9608655044563077,0.5244445586022586,0.2622222793011293,-6.417460927449815,0.5469808650220414,0.0789498874155125,48,0.6056887564303547,seed_std
pretrained,0.03,0.03,0.4,3,0.47851787515336697,0.197429592299565,0.47851787515336697,0.23736152534711072,0.11868076267355536,5.6970892527738775,0.12033443372746115,0.01736877942633272,0,0.197429592299565,seed_std
pretrained,0.03,0.03,2.5,3,-1.6859338057194908,1.1569388429491863,1.6859338057194908,0.5463150424135992,0.2731575212067996,-5.213895924354135,0.2582508871940247,0.037275304809982465,48,1.1569388429491863,seed_std
pretrained,0.1,0.1,0.4,3,0.14320082788204472,0.4886243629878458,0.4004486558439653,0.1608305140113583,0.08041525700567916,-5.345165554366805,0.14049025085326225,0.02027802103716225,25,0.4886243629878458,seed_std
pretrained,0.1,0.1,2.5,3,-1.484243581668716,0.9103431839236767,1.4842435816687163,0.5612849954429804,0.2806424977214902,-3.4715807145845483,0.5227586283881211,0.07545370870527034,48,0.9103431839236767,seed_std
pretrained,0.3,0.3,0.4,1,0.5521197165704748,,0.5521197165704748,0.33342565814888575,0.16671282907444288,3.311801015169233,0.14304716885470606,0.0206470803612696,0,0.0206470803612696,toy_se
pretrained,0.3,0.3,2.5,1,-0.22414908390192378,,0.22414908390192378,0.47883041475493915,0.23941520737746957,-0.9362357820007785,0.12389472397343369,0.017882663059309082,0,0.017882663059309082,toy_se
pretrained,1.0,1.0,0.4,1,0.05606570914276737,,0.05606570914276737,0.8084291805275517,0.4042145902637759,0.138702833824432,0.19140741039290365,0.027627279978808025,0,0.027627279978808025,toy_se
pretrained,1.0,1.0,2.5,1,-0.1733095182748121,,0.1733095182748121,0.5819047981075278,0.2909523990537639,-0.5956627917090553,0.0770883681258909,0.01112674752221802,0,0.01112674752221802,toy_se
scratch,0.01,0.01,0.4,3,0.31537347808435273,0.21558378600461875,0.31537347808435273,0.5669900498636758,0.2834950249318379,2.134914653736318,0.06810011172981133,0.00982940445976254,0,0.21558378600461875,seed_std
scratch,0.01,0.01,2.5,3,-0.9225485332160299,0.32154710059031966,0.9225485332160299,0.5198898335641334,0.2599449167820667,-3.5423040752941723,0.35336045031894026,0.05100318777815188,17,0.32154710059031966,seed_std
scratch,0.03,0.03,0.4,3,0.030637637223445924,0.07609267921940314,0.0565279445330088,0.5905001921682007,0.29525009608410036,0.08466037562927121,0.14935392311174275,0.021557381928272844,0,0.07609267921940314,seed_std
scratch,0.03,0.03,2.5,3,-0.501543573753411,0.04423426308804388,0.501543573753411,0.5572392190969954,0.2786196095484977,-1.7982729913539377,0.0754303934687421,0.01088743949356441,0,0.04423426308804388,seed_std
scratch,0.1,0.1,0.4,3,-0.011355412021179512,0.07710745893522399,0.055509541354007354,0.7975297425281506,0.3987648712640753,-0.0414253916453969,0.10826062201084517,0.015626074815149448,0,0.07710745893522399,seed_std
scratch,0.1,0.1,2.5,3,-0.21335459460265063,0.06951361706899162,0.21335459460265063,0.5613581327386573,0.28067906636932866,-0.7562380863536763,0.07334972913009181,0.010587121464561164,0,0.06951361706899162,seed_std
scratch,0.3,0.3,0.4,1,-0.01815942686298494,,0.01815942686298494,0.6214946165402463,0.31074730827012315,-0.05843792168007938,0.05583884008327973,0.008059642338329506,0,0.008059642338329506,toy_se
scratch,0.3,0.3,2.5,1,-0.2746738319848925,,0.2746738319848925,0.58115439961108,0.29057719980554,-0.9452697326862178,0.0777084561162698,0.011216249514259648,0,0.011216249514259648,toy_se
scratch,1.0,1.0,0.4,1,-0.11872359594327048,,0.11872359594327048,0.7225598709495004,0.3612799354747502,-0.32861940087333763,0.04416491631603,0.0063746565809493045,0,0.0063746565809493045,toy_se
scratch,1.0,1.0,2.5,1,-0.1777510068968704,,0.1777510068968704,0.5610805403414706,0.2805402701707353,-0.63360246565918,0.07448763501564395,0.010751364031895158,0,0.010751364031895158,toy_se
