variant,frac_sig,frac_sbi,mu_true,n_seeds,bias_mean,bias_seed_std,abs_bias_mean,width_mean,halfwidth_mean,bias_over_sigma_mean,std_muhat_mean,bias_se_toys_mean,n_open_max,bias_err,err_kind
pretrained,0.01,0.01,0.4,1,0.5305888800876616,,0.5305888800876616,0.16259211994035272,0.08129605997017636,6.526624787010703,0.1361559949570975,0.019652425085065393,0,0.019652425085065393,toy_se
pretrained,0.01,0.01,2.5,1,-2.077121229629679,,2.077121229629679,0.5373876983232649,0.26869384916163247,-7.73043832640988,0.784540772014068,0.11323870647813976,37,0.11323870647813976,toy_se
pretrained,0.01,0.03,0.4,1,0.5712848788140199,,0.5712848788140199,0.2082593092534876,0.1041296546267438,5.486284198884645,0.047558873311557004,0.006864532077195687,0,0.006864532077195687,toy_se
pretrained,0.01,0.03,2.5,1,-2.4614592976073357,,2.4614592976073357,0.6378161263596822,0.3189080631798411,-7.718397813664719,0.26701781881394404,0.03854070239266433,47,0.03854070239266433,toy_se
pretrained,0.01,0.1,0.4,1,-0.3817066854780199,,0.3817066854780199,0.0375186230501181,0.01875931152505905,-20.347584982963195,0.020032508147522568,0.002891443492878882,23,0.002891443492878882,toy_se
pretrained,0.01,0.1,2.5,1,-2.5,,2.5,,,,0.0,0.0,48,0.0,toy_se
pretrained,0.01,0.3,0.4,1,0.5694034902970116,,0.5694034902970116,0.21136368051586665,0.10568184025793333,5.387902868717009,0.05521838974149491,0.00797008804536744,0,0.00797008804536744,toy_se
pretrained,0.01,0.3,2.5,1,-2.4568487922261184,,2.4568487922261184,0.3911163285514738,0.1955581642757369,-12.563263729362701,0.2989603370892962,0.04315120777388161,47,0.04315120777388161,toy_se
pretrained,0.01,1.0,0.4,1,0.5465769069881803,,0.5465769069881803,0.17742123248836947,0.08871061624418473,6.161347199794818,0.06244862381273184,0.009013682442200601,0,0.009013682442200601,toy_se
pretrained,0.01,1.0,2.5,1,-2.3432819685901576,,2.3432819685901576,0.5336898800977847,0.26684494004889237,-8.78143677058599,0.5256705550312556,0.07587400911308885,44,0.07587400911308885,toy_se
pretrained,0.03,0.01,0.4,1,0.5859751198874926,,0.5859751198874926,0.10693294649413436,0.05346647324706718,10.959674059287899,0.027705977357489035,0.003999013371376993,0,0.003999013371376993,toy_se
pretrained,0.03,0.01,2.5,1,-2.5,,2.5,,,,0.0,0.0,48,0.0,toy_se
pretrained,0.03,0.03,0.4,1,0.5936588555662659,,0.5936588555662659,0.11890841459015382,0.05945420729507691,9.985144577235388,0.024339560149557366,0.0035131129010760086,0,0.0035131129010760086,toy_se
pretrained,0.03,0.03,2.5,1,-2.5,,2.5,,,,0.0,0.0,48,0.0,toy_se
pretrained,0.03,0.1,0.4,1,-0.3959307966130424,,0.3959307966130424,0.028448631461967494,0.014224315730983747,-27.834786860827087,0.012016352150336036,0.0017344110371684623,42,0.0017344110371684623,toy_se
pretrained,0.03,0.1,2.5,1,-2.5,,2.5,,,,0.0,0.0,48,0.0,toy_se
pretrained,0.03,0.3,0.4,1,0.5948394758308727,,0.5948394758308727,0.11963569544732526,0.05981784772366263,9.944180515802264,0.02368928889135908,0.003419254329584244,0,0.003419254329584244,toy_se
pretrained,0.03,0.3,2.5,1,-2.5,,2.5,,,,0.0,0.0,48,0.0,toy_se
pretrained,0.03,1.0,0.4,1,0.5835520882931058,,0.5835520882931058,0.1094376887794594,0.0547188443897297,10.664554319473785,0.02978177512464045,0.004298628971289017,0,0.004298628971289017,toy_se
pretrained,0.03,1.0,2.5,1,-2.5,,2.5,,,,0.0,0.0,48,0.0,toy_se
pretrained,0.1,0.01,0.4,1,0.5420240568728947,,0.5420240568728947,0.170706178114733,0.0853530890573665,6.350374226158306,0.06577947455179811,0.009494449334908195,0,0.009494449334908195,toy_se
pretrained,0.1,0.01,2.5,1,-1.408654326716699,,1.408654326716699,0.5711947397703567,0.28559736988517836,-4.932308470778406,0.9745969552303189,0.14067095361340357,21,0.14067095361340357,toy_se
pretrained,0.1,0.03,0.4,1,0.5714805490600663,,0.5714805490600663,0.20512545058435885,0.10256272529217943,5.572010176524069,0.048638856830806716,0.007020414271085482,0,0.007020414271085482,toy_se
pretrained,0.1,0.03,2.5,1,-1.920275322301277,,1.920275322301277,0.5623763407706879,0.28118817038534394,-6.829146900702496,0.9620522101396319,0.13886027562464773,35,0.13886027562464773,toy_se
pretrained,0.1,0.1,0.4,1,-0.38587174194288076,,0.38587174194288076,0.03193193012027725,0.015965965060138625,-24.168394487237492,0.019624721032085467,0.002832584492661464,25,0.002832584492661464,toy_se
pretrained,0.1,0.1,2.5,1,-2.5,,2.5,,,,0.0,0.0,48,0.0,toy_se
pretrained,0.1,0.3,0.4,1,0.5617271894530774,,0.5617271894530774,0.21331046281414323,0.10665523140707162,5.26675702675221,0.06003321763581517,0.00866504859058932,0,0.00866504859058932,toy_se
pretrained,0.1,0.3,2.5,1,-2.0553802170586684,,2.0553802170586684,0.5183519658450615,0.25917598292253075,-7.9304424502676,0.8766311274648302,0.12653080435545622,38,0.12653080435545622,toy_se
pretrained,0.1,1.0,0.4,1,0.5457680524801581,,0.5457680524801581,0.1849472592219005,0.09247362961095025,5.90187770044587,0.06097864126432202,0.008801508737193486,0,0.008801508737193486,toy_se
pretrained,0.1,1.0,2.5,1,-1.4107196352004505,,1.4107196352004505,0.5712664348414206,0.2856332174207103,-4.938920087584197,1.014165226074748,0.14638214156925336,22,0.14638214156925336,toy_se
pretrained,0.3,0.01,0.4,1,0.49772339000639376,,0.49772339000639376,0.26203707294962614,0.13101853647481307,3.7988776504313635,0.1640303400612773,0.02367574024741108,0,0.02367574024741108,toy_se
pretrained,0.3,0.01,2.5,1,-0.3188920190573814,,0.3188920190573814,0.5838826231293106,0.2919413115646553,-1.092315497756327,0.08558751688520586,0.012353493978236312,0,0.012353493978236312,toy_se
pretrained,0.3,0.03,0.4,1,0.5626485184415099,,0.5626485184415099,0.31742353244194854,0.15871176622097427,3.5450964464609056,0.09531541713106761,0.013757595434635839,0,0.013757595434635839,toy_se
pretrained,0.3,0.03,2.5,1,-0.19542473219442957,,0.19542473219442957,0.5454323090958692,0.2727161545479346,-0.7165865642186602,0.12316254587707282,0.017776982254051908,0,0.017776982254051908,toy_se
pretrained,0.3,0.1,0.4,1,-0.3826185103549354,,0.3826185103549354,0.04137817010572465,0.020689085052862325,-18.493737609822446,0.02042327303346144,0.002947845545900547,21,0.002947845545900547,toy_se
pretrained,0.3,0.1,2.5,1,-2.5,,2.5,,,,0.0,0.0,48,0.0,toy_se
pretrained,0.3,0.3,0.4,1,0.5521197165704748,,0.5521197165704748,0.33342565814888586,0.16671282907444293,3.311801015169232,0.14304716885470606,0.0206470803612696,0,0.0206470803612696,toy_se
pretrained,0.3,0.3,2.5,1,-0.22414908390192378,,0.22414908390192378,0.47883041475493915,0.23941520737746957,-0.9362357820007785,0.12389472397343372,0.017882663059309085,0,0.017882663059309085,toy_se
pretrained,0.3,1.0,0.4,1,0.5077155576514951,,0.5077155576514951,0.2778721529608797,0.13893607648043985,3.6543104607029404,0.1479139388964681,0.02134953810969343,0,0.02134953810969343,toy_se
pretrained,0.3,1.0,2.5,1,-0.28937579240227373,,0.28937579240227373,0.586320579530755,0.2931602897653775,-0.9870906889670065,0.08540081813258875,0.012326546334466098,0,0.012326546334466098,toy_se
pretrained,1.0,0.01,0.4,1,-0.005936981526336926,,0.005936981526336926,0.7184331293587749,0.35921656467938745,-0.01652758282913784,0.16787507718937547,0.024230680251378783,0,0.024230680251378783,toy_se
pretrained,1.0,0.01,2.5,1,-0.21249346618347653,,0.21249346618347653,0.5793955118755462,0.2896977559377731,-0.7335005599046477,0.07629543075205356,0.011012296870659143,0,0.011012296870659143,toy_se
pretrained,1.0,0.03,0.4,1,-0.006354359343661409,,0.006354359343661409,0.8803647247434614,0.4401823623717307,-0.014435742744038436,0.25197342776753023,0.03636923158755408,0,0.03636923158755408,toy_se
pretrained,1.0,0.03,2.5,1,-0.05699681682802149,,0.05699681682802149,0.5827442951779206,0.2913721475889603,-0.1956151859388671,0.07737791798224168,0.011168540444095005,0,0.011168540444095005,toy_se
pretrained,1.0,0.1,0.4,1,-0.34440981142134874,,0.34440981142134874,0.11561176638727312,0.05780588319363656,-5.958040815113129,0.009796166774151132,0.0014139548810206562,0,0.0014139548810206562,toy_se
pretrained,1.0,0.1,2.5,1,-2.5,,2.5,,,,0.0,0.0,48,0.0,toy_se
pretrained,1.0,0.3,0.4,1,0.032541504644518215,,0.032541504644518215,0.9354453039278537,0.46772265196392687,0.06957436101903394,0.272991765062925,0.039402967261407705,0,0.039402967261407705,toy_se
pretrained,1.0,0.3,2.5,1,-0.09339891716871573,,0.09339891716871573,0.5122548880463992,0.2561274440231996,-0.36465798315722786,0.12910986875965696,0.018635404370856302,0,0.018635404370856302,toy_se
pretrained,1.0,1.0,0.4,1,0.05606570914276737,,0.05606570914276737,0.8084291805275517,0.4042145902637759,0.138702833824432,0.19140741039290363,0.027627279978808022,0,0.027627279978808022,toy_se
pretrained,1.0,1.0,2.5,1,-0.1733095182748121,,0.1733095182748121,0.5819047981075278,0.2909523990537639,-0.5956627917090553,0.0770883681258909,0.01112674752221802,0,0.01112674752221802,toy_se
scratch,0.01,0.01,0.4,1,0.20248436359222677,,0.20248436359222677,0.7814396069375752,0.3907198034687876,0.518234196973336,0.09341922286297681,0.013483903366856327,0,0.013483903366856327,toy_se
scratch,0.01,0.01,2.5,1,-1.293838120826612,,1.293838120826612,0.5381020257273003,0.26905101286365013,-4.808895187033934,0.9040495929008403,0.13048831895551793,17,0.13048831895551793,toy_se
scratch,0.01,0.03,0.4,1,0.12971063996009058,,0.12971063996009058,0.6884756533499043,0.3442378266749522,0.3768053069965792,0.06173132832810774,0.008910149756916544,0,0.008910149756916544,toy_se
scratch,0.01,0.03,2.5,1,-0.8059770890346964,,0.8059770890346964,0.5253162188398247,0.26265810941991236,-3.0685406622880174,0.05888319417633243,0.008499057002112634,0,0.008499057002112634,toy_se
scratch,0.01,0.1,0.4,1,0.32495742546527007,,0.32495742546527007,0.8180156754364516,0.4090078377182258,0.7945017075421917,0.11743785026286402,0.016950693615578875,0,0.016950693615578875,toy_se
scratch,0.01,0.1,2.5,1,-1.5108152339712615,,1.5108152339712615,0.4945076114658358,0.2472538057329179,-6.110382121289714,1.000464151122221,0.1444045617412462,24,0.1444045617412462,toy_se
scratch,0.01,0.3,0.4,1,0.2395117018831434,,0.2395117018831434,0.7351209717075577,0.3675604858537789,0.6516252728494455,0.07612299372355374,0.010987407729453487,0,0.010987407729453487,toy_se
scratch,0.01,0.3,2.5,1,-0.9382562205858418,,0.9382562205858418,0.5248165921666097,0.26240829608330485,-3.575558526884304,0.7080645072205021,0.10220030846184415,8,0.10220030846184415,toy_se
scratch,0.01,1.0,0.4,1,0.37432336959791745,,0.37432336959791745,0.8164414550000442,0.4082207275000221,0.9169631632629365,0.08177993133526475,0.011803916342681053,0,0.011803916342681053,toy_se
scratch,0.01,1.0,2.5,1,-1.7083262859178086,,1.7083262859178086,0.4960704813870579,0.24803524069352895,-6.88743374183916,0.9891744460721807,0.14277503317881812,29,0.14277503317881812,toy_se
scratch,0.03,0.01,0.4,1,-0.06408078861560368,,0.06408078861560368,0.6239421445043343,0.31197107225216714,-0.20540618767308974,0.03480130803281441,0.0050231361402241215,0,0.0050231361402241215,toy_se
scratch,0.03,0.01,2.5,1,-0.2820847379401199,,0.2820847379401199,0.5978792445776171,0.29893962228880855,-0.9436177639496548,0.07494733448433494,0.010817715934893925,0,0.010817715934893925,toy_se
scratch,0.03,0.03,0.4,1,-0.038835460964344315,,0.038835460964344315,0.5420829427937943,0.27104147139689716,-0.14328235736101047,0.015052463450161395,0.002172635956229421,0,0.002172635956229421,toy_se
scratch,0.03,0.03,2.5,1,-0.5525497441504166,,0.5525497441504166,0.5934755108759437,0.2967377554379719,-1.8620810261736915,0.07284470267101831,0.010514227174037669,0,0.010514227174037669,toy_se
scratch,0.03,0.1,0.4,1,-0.030652000786116018,,0.030652000786116018,0.7039213776053436,0.3519606888026718,-0.08708927377767803,0.05077279520046449,0.007328421744124478,0,0.007328421744124478,toy_se
scratch,0.03,0.1,2.5,1,-0.09618771528827841,,0.09618771528827841,0.5988392438292511,0.29941962191462557,-0.32124720041128335,0.07734020597962767,0.011163097185379785,0,0.011163097185379785,toy_se
scratch,0.03,0.3,0.4,1,0.000819447487298175,,0.000819447487298175,0.6398689983475304,0.3199344991737652,0.002561297670036861,0.04041832764033993,0.005833883085836188,0,0.005833883085836188,toy_se
scratch,0.03,0.3,2.5,1,-0.25092002762809207,,0.25092002762809207,0.6009891550884364,0.3004945775442182,-0.8350234792212476,0.07595774919941484,0.01096355673683006,0,0.01096355673683006,toy_se
scratch,0.03,1.0,0.4,1,-0.03275132450350032,,0.03275132450350032,0.7865469662741891,0.39327348313709454,-0.08327875106718868,0.06110609596671223,0.008819905238877103,0,0.008819905238877103,toy_se
scratch,0.03,1.0,2.5,1,-0.04714985887472434,,0.04714985887472434,0.6073843065720822,0.3036921532860411,-0.15525543997284283,0.07620653042502784,0.010999465213724307,0,0.010999465213724307,toy_se
scratch,0.1,0.01,0.4,1,-0.10005794596829576,,0.10005794596829576,0.5983039507240872,0.2991519753620436,-0.33447195475544605,0.034274979747744114,0.004947167195957259,0,0.004947167195957259,toy_se
scratch,0.1,0.01,2.5,1,-0.37784866322996224,,0.37784866322996224,0.5524118795312037,0.27620593976560187,-1.3679961537055212,0.07216875537904276,0.010416662586292648,0,0.010416662586292648,toy_se
scratch,0.1,0.03,0.4,1,-0.054712622312599435,,0.054712622312599435,0.5243947759689217,0.26219738798446085,-0.20866959329069282,0.012692780761265704,0.0018320450973204143,0,0.0018320450973204143,toy_se
scratch,0.1,0.03,2.5,1,-0.6228170918985898,,0.6228170918985898,0.5497115041383056,0.2748557520691528,-2.265978016504785,0.07132817958125563,0.010295335920510977,0,0.010295335920510977,toy_se
scratch,0.1,0.1,0.4,1,-0.1002974300627803,,0.1002974300627803,0.6986631479132606,0.3493315739566303,-0.28711240992843173,0.04642213021930936,0.006700457344618531,0,0.006700457344618531,toy_se
scratch,0.1,0.1,2.5,1,-0.2024100968388165,,0.2024100968388165,0.5490937192200499,0.27454685961002495,-0.7372515465167812,0.07373709483897152,0.010643032888635294,0,0.010643032888635294,toy_se
scratch,0.1,0.3,0.4,1,-0.05759080653052717,,0.05759080653052717,0.6437082473682606,0.3218541236841303,-0.17893449949097798,0.0417858128337266,0.0060312625719648435,0,0.0060312625719648435,toy_se
scratch,0.1,0.3,2.5,1,-0.34248842607719565,,0.34248842607719565,0.5487311380017238,0.2743655690008619,-1.248292296021006,0.07281411653491038,0.010509812445558823,0,0.010509812445558823,toy_se
scratch,0.1,1.0,0.4,1,-0.09213183198673897,,0.09213183198673897,0.7538096866227305,0.37690484331136526,-0.24444321589846973,0.05449488771674547,0.007865659523180357,0,0.007865659523180357,toy_se
scratch,0.1,1.0,2.5,1,-0.16767433055121694,,0.16767433055121694,0.5616592581556409,0.28082962907782044,-0.5970678062062778,0.07336189185694675,0.010588877002967106,0,0.010588877002967106,toy_se
scratch,0.3,0.01,0.4,1,-0.053370483790552314,,0.053370483790552314,0.5746891710138115,0.2873445855069057,-0.18573686953732305,0.0680821547003311,0.009826812585811478,0,0.009826812585811478,toy_se
scratch,0.3,0.01,2.5,1,-0.3169317098497504,,0.3169317098497504,0.585204797948061,0.2926023989740305,-1.0831480225761212,0.07779527561761822,0.011228780829878252,0,0.011228780829878252,toy_se
scratch,0.3,0.03,0.4,1,-0.026093574342093473,,0.026093574342093473,0.4981306791396329,0.24906533956981644,-0.10476597983148549,0.04339598025957241,0.006263670221152955,0,0.006263670221152955,toy_se
scratch,0.3,0.03,2.5,1,-0.5755579508527056,,0.5755579508527056,0.5823859967564224,0.2911929983782112,-1.9765514763687815,0.07653471231969143,0.011046834190031104,0,0.011046834190031104,toy_se
scratch,0.3,0.1,0.4,1,-0.0525620491117223,,0.0525620491117223,0.693552695656769,0.3467763478283845,-0.15157333953391375,0.07273364354430789,0.010498197169862113,0,0.010498197169862113,toy_se
scratch,0.3,0.1,2.5,1,-0.12674886615757597,,0.12674886615757597,0.5808566118392576,0.2904283059196288,-0.4364204988774462,0.07897263470530808,0.0113987179764309,0,0.0113987179764309,toy_se
scratch,0.3,0.3,0.4,1,-0.018159426862984884,,0.018159426862984884,0.6214946165402463,0.31074730827012315,-0.0584379216800792,0.055838840083279724,0.008059642338329504,0,0.008059642338329504,toy_se
scratch,0.3,0.3,2.5,1,-0.2746738319848925,,0.2746738319848925,0.58115439961108,0.29057719980554,-0.9452697326862178,0.07770845611626978,0.011216249514259645,0,0.011216249514259645,toy_se
scratch,0.3,1.0,0.4,1,-0.04480321925454639,,0.04480321925454639,0.7447146598467979,0.3723573299233989,-0.12032318328140143,0.08040431461255645,0.011605363171391709,0,0.011605363171391709,toy_se
scratch,0.3,1.0,2.5,1,-0.08863877896106187,,0.08863877896106187,0.5940319380901101,0.29701596904505506,-0.2984310212210039,0.0788825831463205,0.011385720153475295,0,0.011385720153475295,toy_se
scratch,1.0,0.01,0.4,1,-0.1119614208336463,,0.1119614208336463,0.5748234127253747,0.28741170636268737,-0.38955066322998405,0.03261399137642006,0.004707424175131063,0,0.004707424175131063,toy_se
scratch,1.0,0.01,2.5,1,-0.3886550821533814,,0.3886550821533814,0.5521896989293068,0.2760948494646534,-1.4076868254043193,0.07346527839522916,0.01060379956439409,0,0.01060379956439409,toy_se
scratch,1.0,0.03,0.4,1,-0.06391601239963818,,0.06391601239963818,0.5130864863316693,0.25654324316583466,-0.24914323063391539,0.011950449622073221,0.0017248988265602591,0,0.0017248988265602591,toy_se
scratch,1.0,0.03,2.5,1,-0.6309025230037477,,0.6309025230037477,0.549296766048296,0.274648383024148,-2.297128117256298,0.07255512262667853,0.01047242989489979,0,0.01047242989489979,toy_se
scratch,1.0,0.1,0.4,1,-0.12585280700882778,,0.12585280700882778,0.6633149866265204,0.3316574933132602,-0.37946619493368755,0.040523125818757395,0.005849009399966164,0,0.005849009399966164,toy_se
scratch,1.0,0.1,2.5,1,-0.21037615082991,,0.21037615082991,0.5479972414084949,0.27399862070424746,-0.7678000359607241,0.07458138305686378,0.010764895396103724,0,0.010764895396103724,toy_se
scratch,1.0,0.3,0.4,1,-0.08481490227495297,,0.08481490227495297,0.6282654745468705,0.31413273727343527,-0.2699970178565829,0.03825498566295064,0.005521631567587456,0,0.005521631567587456,toy_se
scratch,1.0,0.3,2.5,1,-0.34694275601161717,,0.34694275601161717,0.5476744739820686,0.2738372369910343,-1.2669670488348392,0.0736851004580603,0.010635528146181433,0,0.010635528146181433,toy_se
scratch,1.0,1.0,0.4,1,-0.11872359594327042,,0.11872359594327042,0.7225598709495004,0.3612799354747502,-0.32861940087333746,0.04416491631603,0.0063746565809493045,0,0.0063746565809493045,toy_se
scratch,1.0,1.0,2.5,1,-0.1777510068968704,,0.1777510068968704,0.5610805403414706,0.2805402701707353,-0.63360246565918,0.07448763501564397,0.010751364031895161,0,0.010751364031895161,toy_se
