model,frac,mu_true,sb_checkpoint,bias,err,err_kind,n_seeds,mean_width,n_open,n_spike,train_events_sig
pretrained,0.01,0.4,e10,-0.2311183991779304,0.0036156617323179997,toy_se,1,0.33571394804708315,0,0,12139
pretrained,0.03,0.4,e03,-0.0028968520717155832,0.01921207208070027,toy_se,1,0.8708128535834323,0,0,36417
pretrained,0.1,0.4,e05,0.03514145155606274,0.011998609127049059,toy_se,1,0.8076822497074282,0,0,121390
pretrained,0.3,0.4,e05,-0.03887614135795936,0.02062575311697069,toy_se,1,0.8787397564396118,0,1,364172
pretrained,1.0,0.4,e01,-0.032928868332419314,0.018976440465289728,toy_se,1,0.9550519358491957,0,1,1213905
scratch,0.01,0.4,early-stopped best-val,0.3153734780843527,0.21558378600461878,seed_std,3,0.5669900498636758,0/0/0,0/48/0,12139
scratch,0.03,0.4,early-stopped best-val,0.030637637223445865,0.0760926792194031,seed_std,3,0.5905001921682006,0/0/0,0/0/4,36417
scratch,0.1,0.4,early-stopped best-val,-0.011355412021179534,0.07710745893522397,seed_std,3,0.7975297425281505,0/0/0,0/1/0,121390
scratch,0.3,0.4,early-stopped best-val,-0.0181594268629849,0.0080596423383295,toy_se,1,0.6214946165402463,0,0,364172
scratch,1.0,0.4,early-stopped best-val,-0.1187235959432704,0.0063746565809493,toy_se,1,0.7225598709495004,0,0,1213905
pretrained,0.01,2.5,e10,-2.5,0.0,toy_se,1,,48,0,12139
pretrained,0.03,2.5,e03,-0.06806074484164348,0.011135408585637087,toy_se,1,0.6372294849411065,0,0,36417
pretrained,0.1,2.5,e05,-0.030638557410100464,0.01119490638531917,toy_se,1,0.6379438174290996,0,0,121390
pretrained,0.3,2.5,e05,-0.11042660657417125,0.01115627580123322,toy_se,1,0.592742414343174,0,0,364172
pretrained,1.0,2.5,e01,-0.07715680807727354,0.011070126352969742,toy_se,1,0.6021506766167937,0,0,1213905
scratch,0.01,2.5,early-stopped best-val,-0.9225485332160299,0.3215471005903196,seed_std,3,0.5198898335641334,17/0/0,0/0/0,12139
scratch,0.03,2.5,early-stopped best-val,-0.501543573753411,0.04423426308804391,seed_std,3,0.5572392190969954,0/0/0,0/0/0,36417
scratch,0.1,2.5,early-stopped best-val,-0.21335459460265063,0.06951361706899162,seed_std,3,0.5613581327386573,0/0/0,0/0/0,121390
scratch,0.3,2.5,early-stopped best-val,-0.2746738319848925,0.0112162495142596,toy_se,1,0.58115439961108,0,0,364172
scratch,1.0,2.5,early-stopped best-val,-0.1777510068968704,0.0107513640318951,toy_se,1,0.5610805403414706,0,0,1213905
