model,frac,mu_true,sb_checkpoint,bias,err,err_kind,n_seeds,n_toys,median_muhat,mean_width,n_open,n_spike,bias_closed_only,train_events_sig
pretrained,0.01,0.4,e10,-0.2311183991779304,0.0036156617323179997,toy_se,1,48,0.1626927411305135,0.33571394804708315,0,0,-0.2311183991779304,12139
pretrained,0.03,0.4,e03,-0.0028968520717155832,0.01921207208070027,toy_se,1,48,0.37678623478752393,0.8708128535834323,0,0,-0.0028968520717155832,36417
pretrained,0.1,0.4,e05,0.03514145155606274,0.011998609127049059,toy_se,1,48,0.4383221831019293,0.8076822497074282,0,0,0.03514145155606274,121390
pretrained,0.3,0.4,e10,0.14035502334476235,0.03417055952030944,toy_se,1,48,0.4702206054580641,0.723519758638445,0,7,0.14035502334476235,364172
pretrained,1.0,0.4,e01,-0.032928868332419314,0.018976440465289728,toy_se,1,48,0.3397822335440944,0.9550519358491957,0,1,-0.032928868332419314,1213905
scratch S/B + same SBI/B,0.01,0.4,early-stopped best-val,-0.16940985363467975,0.12083052277307209,seed_std,3,144,,0.30804829280190127,0/0/0,0/17/0,,12139
scratch S/B + same SBI/B,0.03,0.4,early-stopped best-val,0.013495542382528434,0.044244750391907055,seed_std,3,144,,0.5986954825931937,0/0/0,0/1/8,,36417
scratch S/B + same SBI/B,0.1,0.4,early-stopped best-val,-0.06669199009798837,0.028282425975051508,seed_std,3,144,,0.7912707312613327,0/0/0,0/0/0,,121390
scratch S/B + same SBI/B,0.3,0.4,early-stopped best-val,-0.0013697043392518,0.0134375221309465,toy_se,1,48,,0.8089442114919646,0,0,,364172
scratch S/B + same SBI/B,1.0,0.4,early-stopped best-val,-0.0708605596381769,0.0120607956296042,toy_se,1,48,,0.8693738876587674,0,0,,1213905
"scratch, all early-stopped (as run)",0.01,0.4,early-stopped best-val,0.3153734780843527,0.21558378600461878,seed_std,3,144,,0.5669900498636758,0/0/0,0/48/0,,12139
"scratch, all early-stopped (as run)",0.03,0.4,early-stopped best-val,0.030637637223445865,0.0760926792194031,seed_std,3,144,,0.5905001921682006,0/0/0,0/0/4,,36417
"scratch, all early-stopped (as run)",0.1,0.4,early-stopped best-val,-0.011355412021179534,0.07710745893522397,seed_std,3,144,,0.7975297425281505,0/0/0,0/1/0,,121390
"scratch, all early-stopped (as run)",0.3,0.4,early-stopped best-val,-0.0181594268629849,0.0080596423383295,toy_se,1,48,,0.6214946165402463,0,0,,364172
"scratch, all early-stopped (as run)",1.0,0.4,early-stopped best-val,-0.1187235959432704,0.0063746565809493,toy_se,1,48,,0.7225598709495004,0,0,,1213905
pretrained,0.01,2.5,e10,-2.5,0.0,toy_se,1,48,0.0,,48,0,,12139
pretrained,0.03,2.5,e03,-0.06806074484164348,0.011135408585637087,toy_se,1,48,2.425338278257042,0.6372294849411065,0,0,-0.06806074484164348,36417
pretrained,0.1,2.5,e05,-0.030638557410100464,0.01119490638531917,toy_se,1,48,2.4660490014067524,0.6379438174290996,0,0,-0.030638557410100464,121390
pretrained,0.3,2.5,e10,-0.13993352127564096,0.011072997481767797,toy_se,1,48,2.3510839431071036,0.5890279277786276,0,0,-0.13993352127564096,364172
pretrained,1.0,2.5,e01,-0.07715680807727354,0.011070126352969742,toy_se,1,48,2.4169109884576825,0.6021506766167937,0,0,-0.07715680807727354,1213905
scratch S/B + same SBI/B,0.01,2.5,early-stopped best-val,-2.5,0.0,seed_std,3,144,,,48/48/48,0/0/0,,12139
scratch S/B + same SBI/B,0.03,2.5,early-stopped best-val,-0.25892183683253284,0.170782399361964,seed_std,3,144,,0.5635112533182166,0/0/0,0/0/0,,36417
scratch S/B + same SBI/B,0.1,2.5,early-stopped best-val,-0.19546409990237715,0.03855350659466108,seed_std,3,144,,0.5606912126668037,0/0/0,0/0/0,,121390
scratch S/B + same SBI/B,0.3,2.5,early-stopped best-val,-0.090019242661167,0.0113195060560843,toy_se,1,48,,0.5919941550767774,0,0,,364172
scratch S/B + same SBI/B,1.0,2.5,early-stopped best-val,-0.1582715966980981,0.010520802950564,toy_se,1,48,,0.5582816417540072,0,0,,1213905
"scratch, all early-stopped (as run)",0.01,2.5,early-stopped best-val,-0.9225485332160299,0.3215471005903196,seed_std,3,144,,0.5198898335641334,17/0/0,0/0/0,,12139
"scratch, all early-stopped (as run)",0.03,2.5,early-stopped best-val,-0.501543573753411,0.04423426308804391,seed_std,3,144,,0.5572392190969954,0/0/0,0/0/0,,36417
"scratch, all early-stopped (as run)",0.1,2.5,early-stopped best-val,-0.21335459460265063,0.06951361706899162,seed_std,3,144,,0.5613581327386573,0/0/0,0/0/0,,121390
"scratch, all early-stopped (as run)",0.3,2.5,early-stopped best-val,-0.2746738319848925,0.0112162495142596,toy_se,1,48,,0.58115439961108,0,0,,364172
"scratch, all early-stopped (as run)",1.0,2.5,early-stopped best-val,-0.1777510068968704,0.0107513640318951,toy_se,1,48,,0.5610805403414706,0,0,,1213905
