model,frac,mu_true,bias,err,err_kind,n_seeds,mean_width,n_open,n_spike,train_events_sig
pretrained (e05+e20),0.01,0.4,-0.24481931905811394,0.004452209460401643,toy_se,1,0.29562768217868646,0,0,12139
pretrained (e05+e20),0.03,0.4,0.38897500744293434,0.022021451437237185,toy_se,1,0.4097668200249576,0,14,36417
pretrained (e05+e20),0.1,0.4,0.03514145155606274,0.011998609127049059,toy_se,1,0.8076822497074282,0,0,121390
pretrained (e05+e20),0.3,0.4,-0.03887614135795936,0.02062575311697069,toy_se,1,0.8787397564396118,0,1,364172
pretrained (e05+e20),1.0,0.4,0.424987744752073,0.02207067721144645,toy_se,1,0.6644205312543251,0,26,1213905
scratch (early-stopped best-val),0.01,0.4,0.3153734780843527,0.21558378600461875,seed_std,3,0.5669900498636758,0,48,12139
scratch (early-stopped best-val),0.03,0.4,0.030637637223445865,0.0760926792194031,seed_std,3,0.5905001921682007,0,4,36417
scratch (early-stopped best-val),0.1,0.4,-0.011355412021179534,0.07710745893522396,seed_std,3,0.7975297425281505,0,1,121390
scratch (early-stopped best-val),0.3,0.4,-0.0181594268629849,0.0080596423383295,toy_se,1,0.6214946165402463,0,0,364172
scratch (early-stopped best-val),1.0,0.4,-0.1187235959432704,0.0063746565809493,toy_se,1,0.7225598709495004,0,0,1213905
pretrained (e05+e20),0.01,2.5,-2.5,0.0,toy_se,1,,48,0,12139
pretrained (e05+e20),0.03,2.5,-0.5054777395644292,0.09968578343669787,toy_se,1,0.6006640138090887,5,0,36417
pretrained (e05+e20),0.1,2.5,-0.030638557410100464,0.011194906385319166,toy_se,1,0.6379438174290996,0,0,121390
pretrained (e05+e20),0.3,2.5,-0.11042660657417125,0.011156275801233212,toy_se,1,0.592742414343174,0,0,364172
pretrained (e05+e20),1.0,2.5,0.016609652509345985,0.011471975029898544,toy_se,1,0.6065753537693379,0,0,1213905
scratch (early-stopped best-val),0.01,2.5,-0.9225485332160299,0.32154710059031966,seed_std,3,0.5198898335641334,17,0,12139
scratch (early-stopped best-val),0.03,2.5,-0.5015435737534109,0.04423426308804391,seed_std,3,0.5572392190969954,0,0,36417
scratch (early-stopped best-val),0.1,2.5,-0.21335459460265063,0.06951361706899162,seed_std,3,0.5613581327386573,0,0,121390
scratch (early-stopped best-val),0.3,2.5,-0.2746738319848925,0.0112162495142596,toy_se,1,0.58115439961108,0,0,364172
scratch (early-stopped best-val),1.0,2.5,-0.1777510068968704,0.0107513640318951,toy_se,1,0.5610805403414706,0,0,1213905
