model,frac,mu_true,n_seeds,sigma,err,err_kind,minus,plus,coverage,n_open,any_open,bias,train_events_sig
pretrained,0.01,0.4,1,0.16785697402354158,0.00415279084350032,toy_se,0.10086772965136552,0.2348462183957177,0.4791666666666667,0,False,-0.2311183991779304,12139
pretrained,0.03,0.4,1,0.43540642679171615,0.008184209552712044,toy_se,0.2575079332187188,0.6133049203647135,0.9583333333333334,0,False,-0.0028968520717155832,36417
pretrained,0.1,0.4,1,0.4038411248537141,0.00527864673427671,toy_se,0.282835028567251,0.5248472211401772,1.0,0,False,0.03514145155606274,121390
pretrained,0.3,0.4,1,0.4393698782198059,0.007484717505342345,toy_se,0.2239095327777835,0.6548302236618283,0.9583333333333334,0,False,-0.03887614135795936,364172
pretrained,1.0,0.4,1,0.47752596792459784,0.006350694830776271,toy_se,0.2430832999985916,0.7119686358506042,1.0,0,False,-0.032928868332419314,1213905
scratch,0.01,0.4,3,0.2834950249318379,0.15576807920231445,seed_std,0.29652166820328374,0.2704683816603921,0.6388888888888888,0/0/0,False,0.3153734780843528,12139
scratch,0.03,0.4,3,0.2952500960841003,0.03929727534514175,seed_std,0.2160322272403401,0.37446796492786066,0.7986111111111112,0/0/0,False,0.030637637223445886,36417
scratch,0.1,0.4,3,0.3987648712640753,0.07801814573464529,seed_std,0.26216799001024926,0.5353617525179014,0.9930555555555555,0/0/0,False,-0.01135541202117953,121390
scratch,0.3,0.4,1,0.31074730827012315,0.006239891202264953,toy_se,0.20609943901751968,0.41539517752272664,0.9375,0,False,-0.01815942686298494,364172
scratch,1.0,0.4,1,0.36127993547475007,0.0069260787030013034,toy_se,0.1699371698323532,0.5526227011171471,1.0,0,False,-0.11872359594327048,1213905
pretrained,0.01,2.5,1,,,toy_se,,0.003589605150717846,0.0,48,True,-2.5,12139
pretrained,0.03,2.5,1,0.31861474247055327,0.00022995288893184018,toy_se,0.3164798487442855,0.320749636196821,1.0,0,False,-0.06806074484164348,36417
pretrained,0.1,2.5,1,0.3189719087145498,0.00024379236719408707,toy_se,0.31680018475136795,0.3211436326777317,1.0,0,False,-0.030638557410100464,121390
pretrained,0.3,2.5,1,0.296371207171587,0.00019455876043720203,toy_se,0.29331320317945336,0.2994292111637206,0.9791666666666666,0,False,-0.11042660657417125,364172
pretrained,1.0,2.5,1,0.30107533830839683,0.00020190095944562137,toy_se,0.2975991655734654,0.3045515110433282,1.0,0,False,-0.07715680807727354,1213905
scratch,0.01,2.5,3,0.2599449167820667,0.02445171610599062,seed_std,0.257628565013099,0.23083867197857214,0.0,17/0/0,True,-0.9225485332160298,12139
scratch,0.03,2.5,3,0.2786196095484977,0.01637320455223347,seed_std,0.27613900765827615,0.28110021143871927,0.0,0/0/0,False,-0.501543573753411,36417
scratch,0.1,2.5,3,0.28067906636932866,0.008738496170109787,seed_std,0.27772802788470957,0.2836301048539478,0.7777777777777778,0/0/0,False,-0.21335459460265094,121390
scratch,0.3,2.5,1,0.29057719980554,0.00015920294962599278,toy_se,0.2876703753642198,0.2934840242468602,0.5416666666666666,0,False,-0.2746738319848929,364172
scratch,1.0,2.5,1,0.2805402701707353,0.0001479341225630432,toy_se,0.27752635873330495,0.28355418160816565,0.9375,0,False,-0.1777510068968704,1213905
