model,checkpoint,seed,frac_sig,mu_true,bias,mean_width,n_open,n_spike,tail_share,max_r_toys,bce_sb,bce_sbi,best_epoch
pretrained,best,0,0.01,0.4,-0.24481931905811394,0.29562768217868646,0,0,0.023620569665851035,81.93616456248989,0.4536747614903387,0.6930978290207648,5
pretrained,e05,0,0.01,0.4,-0.3182647670273061,0.13115337893538578,0,0,0.023620569665851035,81.93616456248989,0.4536747614903387,0.6948344405915785,5
pretrained,e10,0,0.01,0.4,-0.2732440574394233,0.21073847898981626,0,0,0.02136192476813794,63.004929777258326,0.45415887893371487,0.6938107774598161,5
pretrained,e15,0,0.01,0.4,-0.2657764929945462,0.22265716324388726,0,0,0.04597694323936415,74.43009678665844,0.4564192860222301,0.6933556585819782,5
pretrained,e20,0,0.01,0.4,-0.2395520023723551,0.3017365430064005,0,0,0.038641990120231194,71.1484461259895,0.4552918423457993,0.6930978290207648,5
pretrained,best,0,0.03,0.4,0.579818599875314,0.09570531125931103,0,47,0.26355744233123546,2166.9496513748304,0.4452813061900393,0.6927079727262226,20
pretrained,e05,0,0.03,0.4,-0.3324836305531441,0.07704152940326121,0,0,0.040187037676916726,287.3632561435287,0.44676874284365564,0.6941537495231958,20
pretrained,e10,0,0.03,0.4,-0.33702736168835723,0.035818136399194074,21,2,0.1879925874437009,1925.096377246315,0.44503998539184864,0.6937052880539898,20
pretrained,e15,0,0.03,0.4,0.5719315560753215,0.09006845249721541,0,46,0.2701675409120516,1873.8603067431682,0.4457780613800502,0.692853924038105,20
pretrained,e20,0,0.03,0.4,0.579818599875314,0.09570531125931103,0,47,0.26355744233123546,2166.9496513748304,0.4452813061900393,0.6927079727262226,20
pretrained,best,0,0.1,0.4,0.48367132748950237,0.2876720824940577,0,40,0.06333423246955076,1944.4667610768774,0.4358285972462388,0.6926228530780613,9
pretrained,e05,0,0.1,0.4,-0.2578423668047356,0.2220308668263663,0,0,0.0014351582181640478,136.49459102758394,0.4370535522519504,0.6937027981196073,9
pretrained,e10,0,0.1,0.4,0.5496231194917772,0.2034670932002733,0,46,0.10425074569293961,2347.293034884964,0.4366018804153777,0.692852120162134,9
pretrained,e15,0,0.1,0.4,0.5409318418342406,0.10990978280758688,0,44,0.17955484365399335,2438.507369453981,0.43637547279961547,0.692818295323223,9
pretrained,e20,0,0.1,0.4,0.5435063873779238,0.135002133290056,0,45,0.14302215608948157,3809.2491551152084,0.43600888908526897,0.6926228530780613,9
pretrained,best,0,0.3,0.4,0.4266040437102733,0.4819262353070732,0,29,0.02685994732584373,1152.364218779015,0.42906400977576026,0.6925960760032137,13
pretrained,e05,0,0.3,0.4,-0.17681822764611413,0.49263311283414435,0,0,0.01603052269779259,1081.0265671536922,0.43019665179171235,0.6927745755215164,13
pretrained,e10,0,0.3,0.4,0.06055990792496313,0.6337814994832369,0,7,0.011493994379359497,969.6609148495725,0.42809102010247224,0.6926691370499214,13
pretrained,e15,0,0.3,0.4,0.4568606339028902,0.37678931059883314,0,35,0.04952475969136717,1599.9744697332376,0.4293566569594288,0.6926482944438777,13
pretrained,e20,0,0.3,0.4,0.5157521478869589,0.3646756909758316,0,38,0.04935831102223467,1032.6790526499415,0.42943770659563396,0.6925964444260799,13
pretrained,best,0,1.0,0.4,0.7133172931508548,0.4018885459371934,0,34,0.11590220131585134,546.3819429048832,0.4256593384156346,0.6925765990996534,10
pretrained,e05,0,1.0,0.4,0.26018619391434306,0.5697177825930856,0,7,0.019105589779740445,380.4009186558869,0.4260639374331348,0.6926323547626165,10
pretrained,e10,0,1.0,0.4,0.6764266839890037,0.367234378572643,0,41,0.11590220131585134,546.3819429048832,0.4256593384156346,0.6927079549568922,10
pretrained,e15,0,1.0,0.4,0.7975570528074966,0.42756251434447057,0,12,0.23184821712260434,1437.4207483203384,0.4266479255829259,0.692599595146653,10
pretrained,e20,0,1.0,0.4,0.8575295850447665,0.4439238796808002,0,5,0.32282226229988287,2350.4620198549924,0.427242875553715,0.6925749247390112,10
pretrained,best,0,0.01,2.5,-2.5,,48,0,0.023620569665851035,81.93616456248989,0.4536747614903387,0.6930978290207648,5
pretrained,e05,0,0.01,2.5,-2.5,,48,0,0.023620569665851035,81.93616456248989,0.4536747614903387,0.6948344405915785,5
pretrained,e10,0,0.01,2.5,-2.5,,48,0,0.02136192476813794,63.004929777258326,0.45415887893371487,0.6938107774598161,5
pretrained,e15,0,0.01,2.5,-2.5,,48,0,0.04597694323936415,74.43009678665844,0.4564192860222301,0.6933556585819782,5
pretrained,e20,0,0.01,2.5,-2.5,,48,0,0.038641990120231194,71.1484461259895,0.4552918423457993,0.6930978290207648,5
pretrained,best,0,0.03,2.5,-2.4996875062442463,,48,0,0.26355744233123546,2166.9496513748304,0.4452813061900393,0.6927079727262226,20
pretrained,e05,0,0.03,2.5,-2.5,,48,0,0.040187037676916726,287.3632561435287,0.44676874284365564,0.6941537495231958,20
pretrained,e10,0,0.03,2.5,-2.5,,48,0,0.1879925874437009,1925.096377246315,0.44503998539184864,0.6937052880539898,20
pretrained,e15,0,0.03,2.5,-2.4997747039797873,,48,0,0.2701675409120516,1873.8603067431682,0.4457780613800502,0.692853924038105,20
pretrained,e20,0,0.03,2.5,-2.4996875062442463,,48,0,0.26355744233123546,2166.9496513748304,0.4452813061900393,0.6927079727262226,20
pretrained,best,0,0.1,2.5,-0.2611614786281957,0.6070331236132357,0,0,0.06333423246955076,1944.4667610768774,0.4358285972462388,0.6926228530780613,9
pretrained,e05,0,0.1,2.5,-2.5,,48,0,0.0014351582181640478,136.49459102758394,0.4370535522519504,0.6937027981196073,9
pretrained,e10,0,0.1,2.5,-2.5,,48,0,0.10425074569293961,2347.293034884964,0.4366018804153777,0.692852120162134,9
pretrained,e15,0,0.1,2.5,-2.5,,48,0,0.17955484365399335,2438.507369453981,0.43637547279961547,0.692818295323223,9
pretrained,e20,0,0.1,2.5,-2.460991096156067,0.5522189358804923,47,0,0.14302215608948157,3809.2491551152084,0.43600888908526897,0.6926228530780613,9
pretrained,best,0,0.3,2.5,-0.14120760245004949,0.5906197936865653,0,0,0.02685994732584373,1152.364218779015,0.42906400977576026,0.6925960760032137,13
pretrained,e05,0,0.3,2.5,-0.025612195191465403,0.5932861626388928,0,0,0.01603052269779259,1081.0265671536922,0.43019665179171235,0.6927745755215164,13
pretrained,e10,0,0.3,2.5,-0.15558167181651372,0.5883854544471611,0,0,0.011493994379359497,969.6609148495725,0.42809102010247224,0.6926691370499214,13
pretrained,e15,0,0.3,2.5,-0.12908426010536855,0.5957132536460162,0,0,0.04952475969136717,1599.9744697332376,0.4293566569594288,0.6926482944438777,13
pretrained,e20,0,0.3,2.5,-0.16806435796360342,0.5886814695819159,0,0,0.04935831102223467,1032.6790526499415,0.42943770659563396,0.6925964444260799,13
pretrained,best,0,1.0,2.5,-0.0785936052166929,0.5126182239794841,0,0,0.11590220131585134,546.3819429048832,0.4256593384156346,0.6925765990996534,10
pretrained,e05,0,1.0,2.5,-0.15927179604663255,0.5993218062339701,0,0,0.019105589779740445,380.4009186558869,0.4260639374331348,0.6926323547626165,10
pretrained,e10,0,1.0,2.5,-0.10154708130056056,0.5260895970412576,0,0,0.11590220131585134,546.3819429048832,0.4256593384156346,0.6927079549568922,10
pretrained,e15,0,1.0,2.5,0.020959528008139383,0.5462487105153733,0,0,0.23184821712260434,1437.4207483203384,0.4266479255829259,0.692599595146653,10
pretrained,e20,0,1.0,2.5,0.05224233131850786,0.5400136355978528,0,0,0.32282226229988287,2350.4620198549924,0.427242875553715,0.6925749247390112,10
