model,checkpoint,sbi_checkpoint,seed,frac_sig,mu_true,bias,mean_width,n_open,n_spike,tail_share,max_r_toys,bce_sb,bce_sbi,best_epoch
pretrained,best,e20,0,0.01,0.4,-0.24481931905811394,0.29562768217868646,0,0,0.023620569665851035,81.93616456248989,0.4536747614903387,0.6930978290207648,5
pretrained,e05,e20,0,0.01,0.4,-0.24481931905811394,0.29562768217868646,0,0,0.023620569665851035,81.93616456248989,0.4536747614903387,0.6930978290207648,5
pretrained,e10,e20,0,0.01,0.4,-0.2311183991779304,0.33571394804708315,0,0,0.02136192476813794,63.004929777258326,0.45415887893371487,0.6930978290207648,5
pretrained,e15,e20,0,0.01,0.4,-0.24524952926231272,0.28854390186647116,0,0,0.04597694323936415,74.43009678665844,0.4564192860222301,0.6930978290207648,5
pretrained,e20,e20,0,0.01,0.4,-0.2395520023723551,0.3017365430064005,0,0,0.038641990120231194,71.1484461259895,0.4552918423457993,0.6930978290207648,5
pretrained,best,e20,0,0.03,0.4,0.579818599875314,0.09570531125931103,0,47,0.26355744233123546,2166.9496513748304,0.4452813061900393,0.6927079727262226,20
pretrained,e01,e20,0,0.03,0.4,0.0844770447125413,0.9197775616521451,0,1,0.008855415612653706,133.74337239682362,0.4570622178368609,0.6927079727262226,20
pretrained,e02,e20,0,0.03,0.4,-0.006475634348379777,0.8360142392671306,0,1,0.013902242685688751,96.45065062101025,0.4515420044793242,0.6927079727262226,20
pretrained,e03,e20,0,0.03,0.4,-0.0028968520717155832,0.8708128535834323,0,0,0.00333408945420108,85.90752296375317,0.4498531592766562,0.6927079727262226,20
pretrained,e04,e20,0,0.03,0.4,0.16519099437693807,0.7768466097213999,0,0,0.010216016377819326,111.80544061254058,0.4503572734280051,0.6927079727262226,20
pretrained,e05,e20,0,0.03,0.4,0.38897500744293434,0.4097668200249576,0,14,0.040187037676916726,287.3632561435287,0.44676874284365564,0.6927079727262226,20
pretrained,e10,e20,0,0.03,0.4,0.5762405697940851,0.12415841022329498,0,46,0.1879925874437009,1925.096377246315,0.44503998539184864,0.6927079727262226,20
pretrained,e15,e20,0,0.03,0.4,0.5808520346665746,0.09985056927012333,0,48,0.2701675409120516,1873.8603067431682,0.4457780613800502,0.6927079727262226,20
pretrained,e20,e20,0,0.03,0.4,0.579818599875314,0.09570531125931103,0,47,0.26355744233123546,2166.9496513748304,0.4452813061900393,0.6927079727262226,20
pretrained,best,e20,0,0.1,0.4,0.48367132748950237,0.2876720824940577,0,40,0.06333423246955076,1944.4667610768774,0.4358285972462388,0.6926228530780613,9
pretrained,e05,e20,0,0.1,0.4,0.03514145155606274,0.8076822497074282,0,0,0.0014351582181640478,136.49459102758394,0.4370535522519504,0.6926228530780613,9
pretrained,e10,e20,0,0.1,0.4,0.5608978422665033,0.21217859405749584,0,47,0.10425074569293961,2347.293034884964,0.4366018804153777,0.6926228530780613,9
pretrained,e15,e20,0,0.1,0.4,0.5599206569771463,0.12334956972128958,0,44,0.17955484365399335,2438.507369453981,0.43637547279961547,0.6926228530780613,9
pretrained,e20,e20,0,0.1,0.4,0.5435063873779238,0.135002133290056,0,45,0.14302215608948157,3809.2491551152084,0.43600888908526897,0.6926228530780613,9
pretrained,best,e20,0,0.3,0.4,0.4270459952400685,0.48261507730841074,0,29,0.02685994732584373,1152.364218779015,0.42906400977576026,0.6925964444260799,13
pretrained,e05,e20,0,0.3,0.4,-0.03887614135795936,0.8787397564396118,0,1,0.01603052269779259,1081.0265671536922,0.43019665179171235,0.6925964444260799,13
pretrained,e10,e20,0,0.3,0.4,0.14035502334476235,0.723519758638445,0,7,0.011493994379359497,969.6609148495725,0.42809102010247224,0.6925964444260799,13
pretrained,e15,e20,0,0.3,0.4,0.49502218342291104,0.3924008945531083,0,37,0.04952475969136717,1599.9744697332376,0.4293566569594288,0.6925964444260799,13
pretrained,e20,e20,0,0.3,0.4,0.5157521478869589,0.3646756909758316,0,38,0.04935831102223467,1032.6790526499415,0.42943770659563396,0.6925964444260799,13
pretrained,best,e20,0,1.0,0.4,0.7161418312954312,0.4045590890564847,0,34,0.11590220131585134,546.3819429048832,0.4256593384156346,0.6925749247390112,10
pretrained,e01,e20,0,1.0,0.4,-0.032928868332419314,0.9550519358491959,0,1,2.843654049976303e-05,33.359865223391246,0.4359916455095023,0.6925749247390112,10
pretrained,e02,e20,0,1.0,0.4,0.24750263395959615,0.8783454245039258,0,7,0.019328759124158847,1050.2608289097668,0.430232288524768,0.6925749247390112,10
pretrained,e03,e20,0,1.0,0.4,0.47042922413850874,0.5729787624617654,0,34,0.029840917570451556,134.63667412133807,0.4279383449906056,0.6925749247390112,10
pretrained,e04,e20,0,1.0,0.4,0.38432707780351805,0.7587949260085906,0,21,0.051338534789944684,880.2411693224773,0.42668828629913985,0.6925749247390112,10
pretrained,e05,e20,0,1.0,0.4,0.424987744752073,0.6644205312543251,0,26,0.019105589779740445,380.4009186558869,0.4260639374331348,0.6925749247390112,10
pretrained,e10,e20,0,1.0,0.4,0.7161418312954312,0.4045590890564847,0,34,0.11590220131585134,546.3819429048832,0.4256593384156346,0.6925749247390112,10
pretrained,e15,e20,0,1.0,0.4,0.8187440330949604,0.44238854902534,0,6,0.23184821712260434,1437.4207483203384,0.4266479255829259,0.6925749247390112,10
pretrained,e20,e20,0,1.0,0.4,0.8575295850447665,0.4439238796808002,0,5,0.32282226229988287,2350.4620198549924,0.427242875553715,0.6925749247390112,10
pretrained,best,e20,0,0.01,2.5,-2.5,,48,0,0.023620569665851035,81.93616456248989,0.4536747614903387,0.6930978290207648,5
pretrained,e05,e20,0,0.01,2.5,-2.5,,48,0,0.023620569665851035,81.93616456248989,0.4536747614903387,0.6930978290207648,5
pretrained,e10,e20,0,0.01,2.5,-2.5,,48,0,0.02136192476813794,63.004929777258326,0.45415887893371487,0.6930978290207648,5
pretrained,e15,e20,0,0.01,2.5,-2.5,,48,0,0.04597694323936415,74.43009678665844,0.4564192860222301,0.6930978290207648,5
pretrained,e20,e20,0,0.01,2.5,-2.5,,48,0,0.038641990120231194,71.1484461259895,0.4552918423457993,0.6930978290207648,5
pretrained,best,e20,0,0.03,2.5,-2.4996875062442463,,48,0,0.26355744233123546,2166.9496513748304,0.4452813061900393,0.6927079727262226,20
pretrained,e01,e20,0,0.03,2.5,-0.3725816299838942,0.6270312342058614,4,0,0.008855415612653706,133.74337239682362,0.4570622178368609,0.6927079727262226,20
pretrained,e02,e20,0,0.03,2.5,-0.21174686985844415,0.5855077001658348,0,0,0.013902242685688751,96.45065062101025,0.4515420044793242,0.6927079727262226,20
pretrained,e03,e20,0,0.03,2.5,-0.06806074484164348,0.6372294849411065,0,0,0.00333408945420108,85.90752296375317,0.4498531592766562,0.6927079727262226,20
pretrained,e04,e20,0,0.03,2.5,-0.13192634378021761,0.6495092105044921,1,0,0.010216016377819326,111.80544061254058,0.4503572734280051,0.6927079727262226,20
pretrained,e05,e20,0,0.03,2.5,-0.5054777395644292,0.6006640138090887,5,0,0.040187037676916726,287.3632561435287,0.44676874284365564,0.6927079727262226,20
pretrained,e10,e20,0,0.03,2.5,-2.5,,48,0,0.1879925874437009,1925.096377246315,0.44503998539184864,0.6927079727262226,20
pretrained,e15,e20,0,0.03,2.5,-2.5,,48,0,0.2701675409120516,1873.8603067431682,0.4457780613800502,0.6927079727262226,20
pretrained,e20,e20,0,0.03,2.5,-2.4996875062442463,,48,0,0.26355744233123546,2166.9496513748304,0.4452813061900393,0.6927079727262226,20
pretrained,best,e20,0,0.1,2.5,-0.2611614786281957,0.6070331236132357,0,0,0.06333423246955076,1944.4667610768774,0.4358285972462388,0.6926228530780613,9
pretrained,e05,e20,0,0.1,2.5,-0.030638557410100464,0.6379438174290996,0,0,0.0014351582181640478,136.49459102758394,0.4370535522519504,0.6926228530780613,9
pretrained,e10,e20,0,0.1,2.5,-1.0461078757025157,0.6127188242370551,15,0,0.10425074569293961,2347.293034884964,0.4366018804153777,0.6926228530780613,9
pretrained,e15,e20,0,0.1,2.5,-2.5,,48,0,0.17955484365399335,2438.507369453981,0.43637547279961547,0.6926228530780613,9
pretrained,e20,e20,0,0.1,2.5,-2.460991096156067,0.5522189358804923,47,0,0.14302215608948157,3809.2491551152084,0.43600888908526897,0.6926228530780613,9
pretrained,best,e20,0,0.3,2.5,-0.13969648761044917,0.5905619491964563,0,0,0.02685994732584373,1152.364218779015,0.42906400977576026,0.6925964444260799,13
pretrained,e05,e20,0,0.3,2.5,-0.11042660657417125,0.592742414343174,0,0,0.01603052269779259,1081.0265671536922,0.43019665179171235,0.6925964444260799,13
pretrained,e10,e20,0,0.3,2.5,-0.13993352127564096,0.5890279277786276,0,0,0.011493994379359497,969.6609148495725,0.42809102010247224,0.6925964444260799,13
pretrained,e15,e20,0,0.3,2.5,-0.1339207370687845,0.5984971233804464,0,0,0.04952475969136717,1599.9744697332376,0.4293566569594288,0.6925964444260799,13
pretrained,e20,e20,0,0.3,2.5,-0.16806435796360342,0.5886814695819159,0,0,0.04935831102223467,1032.6790526499415,0.42943770659563396,0.6925964444260799,13
pretrained,best,e20,0,1.0,2.5,-0.06474870801868038,0.5182890798486581,0,0,0.11590220131585134,546.3819429048832,0.4256593384156346,0.6925749247390112,10
pretrained,e01,e20,0,1.0,2.5,-0.07715680807727354,0.6021506766167936,0,0,2.843654049976303e-05,33.359865223391246,0.4359916455095023,0.6925749247390112,10
pretrained,e02,e20,0,1.0,2.5,0.07278377841384875,0.6462226020871773,0,0,0.019328759124158847,1050.2608289097668,0.430232288524768,0.6925749247390112,10
pretrained,e03,e20,0,1.0,2.5,-0.11704705894648981,0.5794469680656905,0,0,0.029840917570451556,134.63667412133807,0.4279383449906056,0.6925749247390112,10
pretrained,e04,e20,0,1.0,2.5,-0.13401306035283955,0.5731058849082951,0,0,0.051338534789944684,880.2411693224773,0.42668828629913985,0.6925749247390112,10
pretrained,e05,e20,0,1.0,2.5,0.016609652509345985,0.6065753537693379,0,0,0.019105589779740445,380.4009186558869,0.4260639374331348,0.6925749247390112,10
pretrained,e10,e20,0,1.0,2.5,-0.06474870801868038,0.5182890798486581,0,0,0.11590220131585134,546.3819429048832,0.4256593384156346,0.6925749247390112,10
pretrained,e15,e20,0,1.0,2.5,0.05134342089439148,0.5495670342759224,0,0,0.23184821712260434,1437.4207483203384,0.4266479255829259,0.6925749247390112,10
pretrained,e20,e20,0,1.0,2.5,0.05224233131850786,0.5400136355978528,0,0,0.32282226229988287,2350.4620198549924,0.427242875553715,0.6925749247390112,10
