partner,seed,frac,mu_true,n_toys,mean_muhat,median_muhat,std_muhat,mean_width,n_open,n_spike,sbi_best_epoch,sbi_total_steps,bias,bias_se_toys
ft_e20,0,0.01,0.4,48,0.16541366268184288,0.164325293994894,0.03393706554140325,0.5069558005267457,0,0,20,1820,-0.23458633731815715,0.004898393481458785
ft_e20,0,0.01,2.5,48,0.0,0.0,0.0,,48,0,20,1820,-2.5,0.0
ft_e20,0,0.03,0.4,48,0.36255575553037445,0.3537544910010326,0.06884768815446807,0.7729031596382151,0,0,20,5420,-0.037444244469625576,0.009937307822266388
ft_e20,0,0.03,2.5,48,2.4263961189419563,2.411831213043693,0.07494354987282663,0.6082610144274786,0,0,20,5420,-0.07360388105804372,0.01081716967327565
ft_e20,0,0.1,0.4,48,0.3500340139452141,0.3420085411115546,0.0762183073211214,0.7839768619441582,0,0,20,18020,-0.049965986054785916,0.011001165062256768
ft_e20,0,0.1,2.5,48,2.30149715659781,2.2900127152844085,0.07199010375481325,0.5577025671900284,0,0,20,18020,-0.19850284340218982,0.010390876445457631
ft_e20,0,0.3,0.4,48,0.39863029566074815,0.3980610693447246,0.09309788423452228,0.8089442114919646,0,0,19,54040,-0.001369704339251876,0.013437522130946514
ft_e20,0,0.3,2.5,48,2.409980757338833,2.4059552730218092,0.0784238384228866,0.5919941550767774,0,0,19,54040,-0.09001924266116701,0.011319506056084323
ft_e20,0,1.0,0.4,48,0.3291394403618231,0.32226179937716504,0.08355964324071674,0.8693738876587674,0,0,19,180100,-0.07086055963817695,0.012060795629604227
ft_e20,0,1.0,2.5,48,2.341728403301902,2.32423515642515,0.07289026098718966,0.5582816417540072,0,0,19,180100,-0.1582715966980981,0.010520802950564007
ft_e20,1,0.01,0.4,48,0.37001487408434214,0.040724329908016874,0.4273805766783623,0.07920315115971995,0,17,20,1820,-0.029985125915657884,0.0616870727479175
ft_e20,1,0.01,2.5,48,0.0,0.0,0.0,,48,0,20,1820,-2.5,0.0
ft_e20,1,0.03,0.4,48,0.44234944583149294,0.3020641852658767,0.25494538755269275,0.7381893781928257,0,1,20,5420,0.042349445831492916,0.03679819703305016
ft_e20,1,0.03,2.5,48,2.206810703350082,2.197989188274683,0.07325035397876953,0.5425739706392253,0,0,20,5420,-0.2931892966499179,0.01057277789696949
ft_e20,1,0.1,0.4,48,0.3006535235578263,0.29342905245626,0.06985813806695526,0.8228207015655689,0,0,20,18020,-0.0993464764421737,0.010083153704510666
ft_e20,1,0.1,2.5,48,2.26759168648161,2.2623914341335736,0.07221180890138625,0.5469618383127529,0,0,20,18020,-0.23240831351838986,0.010422876826971291
ft_e20,2,0.01,0.4,48,0.15634190232977555,0.16008954666452802,0.02705224157237846,0.33798592671923827,0,0,20,1820,-0.24365809767022448,0.0039046547384988723
ft_e20,2,0.01,2.5,48,0.0,0.0,0.0,,48,0,20,1820,-2.5,0.0
ft_e20,2,0.03,0.4,48,0.435581425785718,0.17889384362020622,0.33985222880944177,0.28499390994854057,0,8,20,5420,0.03558142578571799,0.04905344394695638
ft_e20,2,0.03,2.5,48,2.090027667210363,2.0742183717674045,0.07623228674676076,0.5396987748879459,0,0,20,5420,-0.40997233278963696,0.011003182818545768
ft_e20,2,0.1,0.4,48,0.34923649220299446,0.34249410046941464,0.07227476402287272,0.767014630274271,0,0,20,18020,-0.05076350779700556,0.010431963616055561
ft_e20,2,0.1,2.5,48,2.344518857213448,2.3316817763012008,0.07378077070250998,0.5774092324976298,0,0,20,18020,-0.1554811427865519,0.010649336956528048
scratch_long,0,0.03,0.4,48,0.4481363186445721,0.45564798332270445,0.08788517015356055,0.8364432554641885,0,0,30,60000,0.048136318644572074,0.012685131661483563
scratch_long,0,0.03,2.5,48,2.434510693144165,2.4175968088655067,0.0763268694455662,0.6052393820623746,0,0,30,60000,-0.06548930685583487,0.011016834655199767
scratch_long,0,1.0,0.4,48,0.4005796031054531,0.40233401173462835,0.02926276894511137,0.6921366475267109,0,0,2,60000,0.0005796031054530748,0.004223716881923468
scratch_long,0,1.0,2.5,48,2.122825215660739,2.109612135863903,0.07275692440936898,0.5537234424846232,0,0,2,60000,-0.3771747843392612,0.01050155747328961
scratch_long,1,0.03,0.4,48,0.6578008950202124,0.7348649015506244,0.217743557728793,0.7725323700399692,0,7,30,60000,0.2578008950202124,0.03142857541725637
scratch_long,1,0.03,2.5,48,2.2090919890243064,2.2031566307542736,0.07671231408179056,0.5500604517672366,0,0,30,60000,-0.29090801097569363,0.011072468796320225
scratch_long,2,0.03,0.4,48,0.5647467574087462,0.7935609461370914,0.3447948997035696,0.41935446263115067,0,15,30,60000,0.16474675740874622,0.04976685703976648
scratch_long,2,0.03,2.5,48,2.1182420262134296,2.102945257194817,0.07745977455304098,0.5356856428256683,0,0,30,60000,-0.3817579737865704,0.011180355422391484
