variant,seed,frac_sig,frac_sbi,mu_true,n_toys,n_valid,mean_muhat,std_muhat,mean_width,n_open,mean_t_true,frac_covering,n_boundary,bias,mean_halfwidth,bias_se_toys,bias_over_sigma
frozen,0,0.01,0.01,0.4,48,48,0.8071708474622898,0.08109058966746469,0.31137799316525466,0,9.954644426797662,0.020833333333333332,0,0.4071708474622898,0.15568899658262733,0.011704418443314057,2.615283394457462
frozen,0,0.01,0.01,2.5,48,48,0.9032153841385715,0.953000196330969,0.5283767899586937,25,6.584033193627647,0.0,25,-1.5967846158614285,0.2641883949793469,0.1375537299723628,-6.044113391075555
frozen,0,0.01,0.03,0.4,48,48,0.7964346018846377,0.0760290473825859,0.314597474749386,0,8.832690471392652,0.0,0,0.39643460188463764,0.157298737374693,0.010973847743141696,2.5202656327768973
frozen,0,0.01,0.03,2.5,48,48,0.9458473873666141,0.9572892724046438,0.5465888959211036,24,5.8465855545040695,0.0,24,-1.554152612633386,0.2732944479605518,0.13817280477879051,-5.686733207466101
frozen,0,0.01,0.1,0.4,48,48,0.8246937934913178,0.07051270821255154,0.32717066231137587,0,10.318964074249758,0.0,0,0.42469379349131775,0.16358533115568794,0.010177632766951543,2.596160612268632
frozen,0,0.01,0.1,2.5,48,48,0.4469144322458413,0.8292063970373997,0.5446931241925921,37,5.750395728466856,0.0,37,-2.0530855677541586,0.27234656209629604,0.11968563413582561,-7.538503706274914
frozen,0,0.01,0.3,0.4,48,48,0.8140324539543325,0.07529525655321412,0.3318921440754563,0,9.85386637561563,0.0,0,0.4140324539543325,0.16594607203772815,0.010867934159925027,2.494981947268999
frozen,0,0.01,0.3,2.5,48,48,0.3288524242273098,0.7435652644202084,0.5347462134640748,40,6.728042088285065,0.0,40,-2.1711475757726904,0.2673731067320374,0.10732440139326566,-8.120291536832179
frozen,0,0.01,1.0,0.4,48,48,0.7899020770370256,0.07688215944722028,0.2921778299320151,0,9.579900312957383,0.0,0,0.3899020770370256,0.14608891496600754,0.01109698386318309,2.6689367713337413
frozen,0,0.01,1.0,2.5,48,48,1.4499445345888116,0.7539980698955299,0.5329698201085535,10,6.772365659919918,0.0,10,-1.0500554654111884,0.26648491005427677,0.10883024715566061,-3.940393717592927
frozen,0,0.03,0.01,0.4,48,48,0.6301403930442027,0.12961170755123247,0.6172461666298307,0,2.069811376873986,0.4583333333333333,0,0.23014039304420264,0.30862308331491534,0.01870783856120778,0.7457005178364124
frozen,0,0.03,0.01,2.5,48,48,2.2954320483573065,0.07758092769012226,0.6518753898769175,0,0.4464672279009392,0.9583333333333334,0,-0.20456795164269348,0.32593769493845876,0.011197842371468245,-0.6276290064618594
frozen,0,0.03,0.03,0.4,48,48,0.6704136270633851,0.1312237046141721,0.594644254337911,0,2.3892502419082575,0.375,0,0.2704136270633851,0.2973221271689555,0.01894051029576305,0.9094971492307418
frozen,0,0.03,0.03,2.5,48,48,2.312273001605732,0.0766894809101815,0.6563247385673389,0,0.3779498943636857,0.9791666666666666,0,-0.1877269983942682,0.32816236928366943,0.01106917311187649,-0.5720552262102716
frozen,0,0.03,0.1,0.4,48,48,0.7077083238083616,0.13600712531366232,0.6210749235700408,0,2.5098255615040066,0.3541666666666667,0,0.30770832380836155,0.3105374617850204,0.01963093760288753,0.9908895436949974
frozen,0,0.03,0.1,2.5,48,48,2.366214661453169,0.07676281826002214,0.6522901284200636,0,0.22085771278580069,0.9791666666666666,0,-0.13378533854683106,0.3261450642100318,0.011079758446544526,-0.4102019414915186
frozen,0,0.03,0.3,0.4,48,48,0.6903232990561882,0.13913969298710244,0.6322332067926508,0,2.42227298303798,0.375,0,0.29032329905618814,0.3161166033963254,0.02008308480026637,0.9184057273075297
frozen,0,0.03,0.3,2.5,48,48,2.376094030478271,0.07604742730891641,0.6543892580551296,0,0.1948132623578355,1.0,0,-0.12390596952172883,0.3271946290275648,0.010976500656995347,-0.37869194213237
frozen,0,0.03,1.0,0.4,48,48,0.6496285866322117,0.13142927613837052,0.543956103077318,0,2.238892725289664,0.3958333333333333,0,0.24962858663221166,0.271978051538659,0.01897018198947147,0.9178262187701915
frozen,0,0.03,1.0,2.5,48,48,2.2205134908978144,0.07732084733603387,0.6449537375521743,0,0.8004993197778276,0.7083333333333334,0,-0.27948650910218564,0.32247686877608717,0.011160303005857278,-0.8666869973121948
frozen,0,0.1,0.01,0.4,48,48,0.7720477618476099,0.18891876239443342,0.42402457138789745,0,6.380276639523497,0.125,0,0.3720477618476099,0.21201228569394873,0.02726807458084927,1.7548405774214477
frozen,0,0.1,0.01,2.5,48,48,2.147661500292467,0.07732535228221664,0.5689420162755644,0,1.558026029758821,0.20833333333333334,0,-0.35233849970753317,0.2844710081377822,0.011160953238830106,-1.2385743700703575
frozen,0,0.1,0.03,0.4,48,48,0.781451199631931,0.15109078669598125,0.4595036274863415,0,5.728014426989148,0.16666666666666666,0,0.38145119963193097,0.22975181374317075,0.021808076592749276,1.6602750307701082
frozen,0,0.1,0.03,2.5,48,48,2.1638444895523845,0.07734580328690557,0.5771903756179263,0,1.3864407479540357,0.25,0,-0.3361555104476155,0.28859518780896315,0.011163905087095694,-1.1647994306479397
frozen,0,0.1,0.1,0.4,48,48,0.8137815000811378,0.167282356247241,0.4317630662498477,0,6.951010693698511,0.08333333333333333,0,0.4137815000811378,0.21588153312492386,0.024145128352504867,1.9167063254164285
frozen,0,0.1,0.1,2.5,48,48,2.2074585219590195,0.07745741976772592,0.5735575896108501,0,1.0827305778420093,0.4583333333333333,0,-0.2925414780409805,0.28677879480542506,0.011180015538407601,-1.0200945235140741
frozen,0,0.1,0.3,0.4,48,48,0.8159825738494165,0.1640014153635214,0.4426953086820333,0,6.799079177694239,0.08333333333333333,0,0.4159825738494165,0.22134765434101664,0.023671565326902178,1.8793177415313282
frozen,0,0.1,0.3,2.5,48,48,2.2198782193050293,0.07691354790155681,0.5752996372502658,0,0.9928527802266368,0.4791666666666667,0,-0.28012178069497073,0.2876498186251329,0.011101514396323252,-0.9738291580848423
frozen,0,0.1,1.0,0.4,48,48,0.7647728083537674,0.18046965798411757,0.38986937888374834,0,6.439136787879609,0.14583333333333334,0,0.36477280835376735,0.19493468944187417,0.026048551404422495,1.8712565187764372
frozen,0,0.1,1.0,2.5,48,48,2.0934339803079536,0.07752599803398025,0.5641060006209605,0,2.076701468408146,0.041666666666666664,0,-0.4065660196920464,0.28205300031048025,0.011189913958528225,-1.4414525612012774
frozen,0,0.3,0.01,0.4,48,48,0.7518956160151445,0.14813228084159946,0.44146657729297023,0,5.600285106922986,0.0,0,0.3518956160151445,0.22073328864648512,0.021381053054892674,1.594211811788489
frozen,0,0.3,0.01,2.5,48,48,2.120497202261278,0.07544134744965657,0.565886490923785,0,1.7958803223553634,0.1875,0,-0.3795027977387222,0.2829432454618925,0.010889020564521828,-1.3412682713778887
frozen,0,0.3,0.03,0.4,48,48,0.7398546320327296,0.06567082029982425,0.46829721730345697,0,4.287281443094798,0.0,0,0.3398546320327296,0.23414860865172848,0.009478766444501768,1.4514484369122507
frozen,0,0.3,0.03,2.5,48,48,2.104135363943584,0.0759835361005235,0.5737451608061486,0,1.8961144064758173,0.125,0,-0.395864636056416,0.2868725804030743,0.010967278755404222,-1.3799319387729594
frozen,0,0.3,0.1,0.4,48,48,0.754625131219838,0.17766570695734443,0.4413418070721411,0,5.619630235785735,0.0,0,0.35462513121983796,0.22067090353607055,0.025643835934396994,1.6070316726730194
frozen,0,0.3,0.1,2.5,48,48,2.1616779477848893,0.07567463860276565,0.5711073764707207,0,1.421265744331701,0.3125,0,-0.3383220522151107,0.28555368823536037,0.010922693242033599,-1.184793144525093
frozen,0,0.3,0.3,0.4,48,48,0.8022906473925464,0.11822274728781508,0.46087716692413383,0,7.006984394349881,0.0,0,0.4022906473925464,0.23043858346206691,0.017063983742739285,1.7457608068432189
frozen,0,0.3,0.3,2.5,48,48,2.1752308261467506,0.07473174726015404,0.5710768250935399,0,1.314780692068022,0.3541666666666667,0,-0.32476917385324944,0.2855384125467699,0.010786598599415253,-1.137392237200498
frozen,0,0.3,1.0,0.4,48,48,0.7021892507503532,0.15804415016209508,0.3957621211884261,0,5.122707681461634,0.0,0,0.3021892507503532,0.19788106059421304,0.022811708159982808,1.5271256877384587
frozen,0,0.3,1.0,2.5,48,48,2.0550987448252735,0.0754107580217366,0.5613849661822252,0,2.4673555586233156,0.0,0,-0.44490125517472645,0.2806924830911126,0.010884605360910841,-1.5850130729375884
frozen,0,1.0,0.01,0.4,48,48,0.7880098282412319,0.052407769206924186,0.3987909739708995,0,7.366697818488319,0.0,0,0.38800982824123187,0.19939548698544976,0.007564409914811365,1.9459308438086447
frozen,0,1.0,0.01,2.5,48,48,2.139046308604543,0.07496672830807259,0.5685760663086615,0,1.62624291267601,0.20833333333333334,0,-0.3609536913954572,0.28428803315433077,0.010820515192232812,-1.269675995118328
frozen,0,1.0,0.03,0.4,48,48,0.7663878166687427,0.053027510449823755,0.4142145587814486,0,6.014514877209346,0.0,0,0.36638781666874265,0.2071072793907243,0.00765386185816536,1.769072616600419
frozen,0,1.0,0.03,2.5,48,48,2.144096712849159,0.07520548897512143,0.577135103098375,0,1.5385918583489608,0.22916666666666666,0,-0.35590328715084096,0.2885675515491875,0.010854977326080949,-1.2333447930654664
frozen,0,1.0,0.1,0.4,48,48,0.8149877913800502,0.05238425739111074,0.4144265587511246,0,7.2136208615709165,0.0,0,0.41498779138005015,0.2072132793755623,0.007561016276514107,2.0027084780985893
frozen,0,1.0,0.1,2.5,48,48,2.1917240191322294,0.07482517060017052,0.5736124072369203,0,1.187630244581669,0.4375,0,-0.30827598086777064,0.28680620361846015,0.010800083097042031,-1.0748581340934726
frozen,0,1.0,0.3,0.4,48,48,0.8265068231671572,0.0523841603431627,0.4303537041001164,0,8.605677332469895,0.0,0,0.42650682316715716,0.2151768520500582,0.007561002268849376,1.9821222362149609
frozen,0,1.0,0.3,2.5,48,48,2.207431496958553,0.07402784778714942,0.5741095249672256,0,1.0740960424774737,0.4791666666666667,0,-0.2925685030414469,0.2870547624836128,0.010684999461859841,-1.0192079744998095
frozen,0,1.0,1.0,0.4,48,48,0.7590078089158507,0.049831118092212724,0.3661593647872115,0,6.679432422179389,0.0,0,0.3590078089158507,0.18307968239360575,0.007192502361139762,1.960937468440733
frozen,0,1.0,1.0,2.5,48,48,2.0787857502386107,0.07461603236241383,0.5639772981278962,0,2.213964030184419,0.020833333333333332,0,-0.4212142497613893,0.2819886490639481,0.010769896592575365,-1.4937276771940855
pretrained,0,0.01,0.01,0.4,48,48,0.9305888800876616,0.13615599495709751,0.1625921199403527,0,15.904477685288535,0.0,0,0.5305888800876616,0.08129605997017635,0.019652425085065397,6.526624787010704
pretrained,0,0.01,0.01,2.5,48,48,0.422878770370321,0.784540772014068,0.5373876983232649,37,8.194045901156793,0.0,37,-2.077121229629679,0.26869384916163247,0.11323870647813976,-7.73043832640988
pretrained,0,0.01,0.03,0.4,48,48,0.97128487881402,0.047558873311557004,0.20825930925348757,0,18.356279336095895,0.0,0,0.57128487881402,0.10412965462674378,0.006864532077195687,5.486284198884647
pretrained,0,0.01,0.03,2.5,48,48,0.038540702392664335,0.26701781881394404,0.6378161263596822,47,8.956619515709235,0.0,47,-2.4614592976073357,0.3189080631798411,0.03854070239266433,-7.718397813664719
pretrained,0,0.01,0.1,0.4,48,48,0.018293314521980113,0.020032508147522554,0.037518623050118056,23,19.77367960035129,0.0,20,-0.3817066854780199,0.018759311525059028,0.0028914434928788797,-20.347584982963216
pretrained,0,0.01,0.1,2.5,48,48,0.0,0.0,,48,44.230772701352784,,48,-2.5,,0.0,
pretrained,0,0.01,0.3,0.4,48,48,0.9694034902970117,0.055218389741494865,0.21136368051586663,0,17.7827919238091,0.0,0,0.5694034902970116,0.10568184025793331,0.007970088045367432,5.38790286871701
pretrained,0,0.01,0.3,2.5,48,48,0.0431512077738816,0.2989603370892962,0.3911163285514738,47,9.89813859025829,0.0,47,-2.4568487922261184,0.1955581642757369,0.04315120777388161,-12.563263729362701
pretrained,0,0.01,1.0,0.4,48,48,0.9465769069881803,0.06244862381273184,0.1774212324883694,0,16.023748738727363,0.0,0,0.5465769069881803,0.0887106162441847,0.009013682442200601,6.16134719979482
pretrained,0,0.01,1.0,2.5,48,48,0.15671803140984264,0.5256705550312556,0.5336898800977847,44,8.64266515654534,0.0,44,-2.3432819685901576,0.26684494004889237,0.07587400911308885,-8.78143677058599
pretrained,0,0.03,0.01,0.4,48,48,0.9859751198874926,0.027705977357489045,0.10693294649413432,0,31.599170410410807,0.0,0,0.5859751198874926,0.05346647324706716,0.003999013371376994,10.959674059287904
pretrained,0,0.03,0.01,2.5,48,48,0.0,0.0,,48,28.500431060239407,,48,-2.5,,0.0,
pretrained,0,0.03,0.03,0.4,48,48,0.9936588555662659,0.02433956014955736,0.11890841459015378,0,33.401631213698316,0.0,0,0.5936588555662659,0.05945420729507689,0.0035131129010760077,9.985144577235392
pretrained,0,0.03,0.03,2.5,48,48,0.0,0.0,,48,30.710819386093664,,48,-2.5,,0.0,
pretrained,0,0.03,0.1,0.4,48,48,0.004069203386957567,0.012016352150336024,0.028448631461967414,42,31.85165559044678,0.0,42,-0.3959307966130425,0.014224315730983707,0.0017344110371684605,-27.83478686082717
pretrained,0,0.03,0.1,2.5,48,48,0.0,0.0,,48,64.05932042192755,,48,-2.5,,0.0,
pretrained,0,0.03,0.3,0.4,48,48,0.9948394758308727,0.023689288891359104,0.11963569544732522,0,33.81861675128031,0.0,0,0.5948394758308727,0.05981784772366261,0.0034192543295842475,9.944180515802268
pretrained,0,0.03,0.3,2.5,48,48,0.0,0.0,,48,31.01022236061749,,48,-2.5,,0.0,
pretrained,0,0.03,1.0,0.4,48,48,0.9835520882931058,0.029781775124640437,0.10943768877945936,0,31.817794794193485,0.0,0,0.5835520882931058,0.05471884438972968,0.004298628971289014,10.664554319473789
pretrained,0,0.03,1.0,2.5,48,48,0.0,0.0,,48,28.770396087415822,,48,-2.5,,0.0,
pretrained,0,0.1,0.01,0.4,48,48,0.9420240568728947,0.06577947455179811,0.17070617811473296,0,16.47113627622639,0.0,0,0.5420240568728947,0.08535308905736648,0.009494449334908195,6.350374226158307
pretrained,0,0.1,0.01,2.5,48,48,1.091345673283301,0.9745969552303186,0.5711947397703567,21,4.685794414886838,0.0,21,-1.408654326716699,0.28559736988517836,0.14067095361340354,-4.932308470778406
pretrained,0,0.1,0.03,0.4,48,48,0.9714805490600663,0.048638856830806716,0.20512545058435885,0,17.97321474146376,0.0,0,0.5714805490600663,0.10256272529217943,0.007020414271085482,5.572010176524069
pretrained,0,0.1,0.03,2.5,48,48,0.5797246776987229,0.9620522101396317,0.5623763407706879,35,4.406652539478728,0.15384615384615385,35,-1.920275322301277,0.28118817038534394,0.1388602756246477,-6.829146900702496
pretrained,0,0.1,0.1,0.4,48,48,0.014128258057119245,0.01962472103208545,0.0319319301202772,25,18.676664417010972,0.0,24,-0.38587174194288076,0.0159659650601386,0.0028325844926614615,-24.168394487237528
pretrained,0,0.1,0.1,2.5,48,48,0.0,0.0,,48,38.76026334636966,,48,-2.5,,0.0,
pretrained,0,0.1,0.3,0.4,48,48,0.9617271894530774,0.0600332176358152,0.2133104628141432,0,18.23712506456157,0.0,0,0.5617271894530774,0.1066552314070716,0.008665048590589324,5.26675702675221
pretrained,0,0.1,0.3,2.5,48,48,0.4446197829413318,0.8766311274648302,0.5183519658450615,38,4.8236938028654395,0.2,38,-2.0553802170586684,0.25917598292253075,0.12653080435545622,-7.9304424502676
pretrained,0,0.1,1.0,0.4,48,48,0.9457680524801582,0.06097864126432204,0.18494725922190047,0,16.54049163124144,0.0,0,0.5457680524801581,0.09247362961095024,0.008801508737193488,5.901877700445871
pretrained,0,0.1,1.0,2.5,48,48,1.0892803647995495,1.014165226074748,0.5712664348414206,22,3.962132611544954,0.0,22,-1.4107196352004505,0.2856332174207103,0.14638214156925336,-4.938920087584197
pretrained,0,0.3,0.01,0.4,48,48,0.8977233900063938,0.16403034006127729,0.26203707294962614,0,12.1707870431419,0.020833333333333332,0,0.49772339000639376,0.13101853647481307,0.023675740247411075,3.7988776504313635
pretrained,0,0.3,0.01,2.5,48,48,2.1811079809426186,0.08558751688520591,0.5838826231293106,0,1.246303579414113,0.375,0,-0.3188920190573814,0.2919413115646553,0.012353493978236318,-1.092315497756327
pretrained,0,0.3,0.03,0.4,48,48,0.9626485184415099,0.09531541713106767,0.3174235324419485,0,13.56255263243755,0.0,0,0.5626485184415099,0.15871176622097424,0.013757595434635847,3.545096446460906
pretrained,0,0.3,0.03,2.5,48,48,2.3045752678055704,0.12316254587707279,0.5454323090958692,0,0.6238286349415224,0.8125,0,-0.19542473219442957,0.2727161545479346,0.0177769822540519,-0.7165865642186602
pretrained,0,0.3,0.1,0.4,48,48,0.017381489645064616,0.020423273033461437,0.04137817010572459,21,16.826550488067596,0.0,17,-0.3826185103549354,0.020689085052862294,0.0029478455459005467,-18.493737609822475
pretrained,0,0.3,0.1,2.5,48,48,0.0,0.0,,48,30.866787303843164,,48,-2.5,,0.0,
pretrained,0,0.3,0.3,0.4,48,48,0.9521197165704748,0.14304716885470606,0.33342565814888575,0,13.634037733922318,0.020833333333333332,0,0.5521197165704748,0.16671282907444288,0.0206470803612696,3.311801015169233
pretrained,0,0.3,0.3,2.5,48,48,2.275850916098076,0.12389472397343369,0.47883041475493915,0,0.929764225827436,0.5833333333333334,0,-0.22414908390192378,0.23941520737746957,0.017882663059309082,-0.9362357820007785
pretrained,0,0.3,1.0,0.4,48,48,0.9077155576514951,0.1479139388964681,0.27787215296087964,0,12.964235046659041,0.020833333333333332,0,0.5077155576514951,0.13893607648043982,0.02134953810969343,3.6543104607029413
pretrained,0,0.3,1.0,2.5,48,48,2.2106242075977263,0.08540081813258872,0.586320579530755,0,1.0315830090408629,0.5208333333333334,0,-0.28937579240227373,0.2931602897653775,0.012326546334466093,-0.9870906889670065
pretrained,0,1.0,0.01,0.4,48,48,0.3940630184736631,0.16787507718937544,0.7184331293587749,0,0.3329190037404714,0.8333333333333334,0,-0.005936981526336926,0.35921656467938745,0.02423068025137878,-0.01652758282913784
pretrained,0,1.0,0.01,2.5,48,48,2.2875065338165235,0.07629543075205354,0.5793955118755462,0,0.5943316633917372,0.9166666666666666,0,-0.21249346618347653,0.2896977559377731,0.011012296870659142,-0.7335005599046477
pretrained,0,1.0,0.03,0.4,48,48,0.3936456406563386,0.25197342776753023,0.8803647247434614,0,0.505276459660081,0.8125,0,-0.006354359343661409,0.4401823623717307,0.03636923158755408,-0.014435742744038436
pretrained,0,1.0,0.03,2.5,48,48,2.4430031831719785,0.07737791798224167,0.5827442951779206,0,0.11598829730572406,1.0,0,-0.05699681682802149,0.2913721475889603,0.011168540444095003,-0.1956151859388671
pretrained,0,1.0,0.1,0.4,48,48,0.05559018857865126,0.009796166774151138,0.1156117663872731,0,6.3445504001323725,0.0,0,-0.34440981142134874,0.05780588319363655,0.0014139548810206569,-5.958040815113131
pretrained,0,1.0,0.1,2.5,48,48,0.0,0.0,,48,27.134578284654555,,48,-2.5,,0.0,
pretrained,0,1.0,0.3,0.4,48,48,0.4325415046445182,0.272991765062925,0.9354453039278537,0,0.483993165023018,0.8333333333333334,0,0.03254150464451816,0.46772265196392687,0.039402967261407705,0.06957436101903383
pretrained,0,1.0,0.3,2.5,48,48,2.4066010828312847,0.12910986875965694,0.5122548880463992,0,0.27478833320932,0.8541666666666666,0,-0.09339891716871529,0.2561274440231996,0.0186354043708563,-0.3646579831572261
pretrained,0,1.0,1.0,0.4,48,48,0.4560657091427674,0.19140741039290365,0.8084291805275517,0,0.3648025980774037,0.8333333333333334,0,0.05606570914276737,0.4042145902637759,0.027627279978808025,0.138702833824432
pretrained,0,1.0,1.0,2.5,48,48,2.326690481725188,0.0770883681258909,0.5819047981075278,0,0.4290323682509249,0.9166666666666666,0,-0.1733095182748121,0.2909523990537639,0.01112674752221802,-0.5956627917090553
pretrained,1,0.01,0.01,0.4,48,48,0.9708095628101691,0.033594355211200966,0.20759188496921266,0,57.466145027103266,0.0,0,0.570809562810169,0.10379594248460633,0.004848927506109696,5.49934370406458
pretrained,1,0.01,0.01,2.5,48,48,0.0,0.0,,48,20.92294517789848,,48,-2.5,,0.0,
pretrained,1,0.01,0.03,0.4,48,48,0.9659817186912442,0.027959005727738028,0.1888380427437409,0,57.40645436249201,0.0,0,0.5659817186912441,0.09441902137187046,0.00403553487079596,5.9943612046360695
pretrained,1,0.01,0.03,2.5,48,48,0.0,0.0,,48,25.636453155082183,,48,-2.5,,0.0,
pretrained,1,0.01,0.1,0.4,48,48,0.9509701666258343,0.03068205186275963,0.1793160661261456,0,55.62130080337548,0.0,0,0.5509701666258343,0.0896580330630728,0.004428572725563583,6.1452403962312765
pretrained,1,0.01,0.1,2.5,48,48,0.0,0.0,,48,27.291909671941387,,48,-2.5,,0.0,
pretrained,1,0.03,0.01,0.4,48,48,0.9786979156826905,0.04994215098636256,0.22591175541688688,0,54.5232444597228,0.0,0,0.5786979156826905,0.11295587770844344,0.00720852857897134,5.123220919732916
pretrained,1,0.03,0.01,2.5,48,48,0.20298675627095272,0.6019461623286536,0.5139058294324844,43,10.48503893339489,0.0,43,-2.2970132437290474,0.2569529147162422,0.0868834447145276,-8.939432527028078
pretrained,1,0.03,0.03,0.4,48,48,0.9913450371835014,0.04222977382455541,0.20316651154699142,0,57.845699812750276,0.0,0,0.5913450371835014,0.10158325577349571,0.00609534282135602,5.821284548135052
pretrained,1,0.03,0.03,2.5,48,48,0.3037772869851143,0.6873622855914712,0.47444989631606627,40,12.045569120541208,0.0,40,-2.196222713014886,0.23722494815803313,0.09921220015425808,-9.257975310218296
pretrained,1,0.03,0.1,0.4,48,48,0.9589920853163827,0.045193552751252426,0.19290262963951413,0,51.56510027331509,0.0,0,0.5589920853163827,0.09645131481975706,0.006523127461642786,5.795588026570674
pretrained,1,0.03,0.1,2.5,48,48,0.0,0.0,,48,17.002126253949353,,48,-2.5,,0.0,
pretrained,1,0.1,0.01,0.4,48,48,0.9012133071317493,0.08218000467040454,0.44049518598160725,0,14.002408799001538,0.0,0,0.5012133071317493,0.22024759299080363,0.011861661954615691,2.2756812018948027
pretrained,1,0.1,0.01,2.5,48,48,2.27879867473507,0.07707362517694812,0.5692285159297726,0,0.6767992094479874,0.7916666666666666,0,-0.22120132526492986,0.2846142579648863,0.011124619560832829,-0.7771969220608059
pretrained,1,0.1,0.03,0.4,48,48,0.8545234938976342,0.211208365464148,0.32703032856921493,0,16.03010985783567,0.0,0,0.45452349389763413,0.16351516428460747,0.03048530166395668,2.7797023957148714
pretrained,1,0.1,0.03,2.5,48,48,2.154903507700737,0.10065278549272795,0.5215269386045044,0,1.6322007890048553,0.25,0,-0.345096492299263,0.2607634693022522,0.014527978199728037,-1.3234081185630338
pretrained,1,0.1,0.1,0.4,48,48,0.637986030325455,0.36503146440092044,0.2690726241282105,0,13.38466401923021,0.0,0,0.23798603032545496,0.13453631206410524,0.05268775355863868,1.7689352909574103
pretrained,1,0.1,0.1,2.5,48,48,1.2893188438194312,1.102669807270222,0.5664982423663826,20,2.057556899227999,0.5357142857142857,20,-1.2106811561805688,0.2832491211831913,0.15915667751368384,-4.274262709530389
pretrained,2,0.01,0.01,0.4,48,48,0.9245167053125719,0.13467139084965157,0.22448460600820108,0,37.646690181489475,0.0,0,0.5245167053125719,0.11224230300410054,0.01943814093979691,4.673075046343354
pretrained,2,0.01,0.01,2.5,48,48,1.1945247162607557,0.8564018230520559,0.5115014188812523,16,7.7172912938092395,0.0,16,-1.3054752837392443,0.25575070944062617,0.12361095576839769,-5.10448352848975
pretrained,2,0.01,0.03,0.4,48,48,0.955761209078199,0.03314815802620169,0.25046943490306234,0,40.782036503168456,0.0,0,0.5557612090781989,0.12523471745153117,0.00478452448989195,4.437756721040967
pretrained,2,0.01,0.03,2.5,48,48,1.7817450770390229,0.08196433596843401,0.5049066223466993,0,7.259812591195289,0.0,0,-0.7182549229609771,0.2524533111733496,0.011830532858831077,-2.845100029081338
pretrained,2,0.01,0.1,0.4,48,48,0.9344221416882403,0.03350305188736853,0.25155027937754776,0,38.08125058435295,0.0,0,0.5344221416882403,0.12577513968877388,0.0048357490064615555,4.249028409037342
pretrained,2,0.01,0.1,2.5,48,48,1.7434051247600237,0.270374008247997,0.5171431585925853,1,7.07005275869695,0.0,1,-0.7565948752399763,0.25857157929629265,0.03902512661096479,-2.9260558229139617
pretrained,2,0.03,0.01,0.4,48,48,0.5968331327058095,0.31462860057911274,0.3573699304453313,0,1.9786209602552844,0.4166666666666667,0,0.1968331327058095,0.17868496522266564,0.045412726809776496,1.1015651622425466
pretrained,2,0.03,0.01,2.5,48,48,2.058377420532232,0.4429573633365472,0.6312620059887565,2,1.370522613309807,0.3695652173913043,2,-0.4416225794677682,0.31563100299437824,0.06393538824047061,-1.3991736403525417
pretrained,2,0.03,0.03,0.4,48,48,0.6505497327103337,0.2944339672082707,0.39000964990418696,0,2.098237426883164,0.3958333333333333,0,0.25054973271033365,0.19500482495209348,0.042497882556566134,1.2848386329511887
pretrained,2,0.03,0.03,2.5,48,48,2.1384212958564137,0.08739037599060301,0.6181801885111321,0,1.4331671837593756,0.3125,0,-0.3615787041435863,0.30909009425556605,0.012613714275689315,-1.1698165384899746
pretrained,2,0.03,0.1,0.4,48,48,0.7229963461203627,0.25060987788447003,0.4049817480071621,0,2.2397966522148636,0.3125,0,0.32299634612036265,0.20249087400358104,0.0361724201145445,1.5951155710585283
pretrained,2,0.03,0.1,2.5,48,48,2.124454015015649,0.3252945925135106,0.633482935711786,1,1.171415774867152,0.46808510638297873,1,-0.3755459849843512,0.316741467855893,0.046952230138401246,-1.185654620869574
pretrained,2,0.1,0.01,0.4,48,48,0.9798452766738511,0.03708120288361052,0.1716160466645822,0,22.703985951534303,0.0,0,0.5798452766738511,0.0858080233322911,0.005352210616681915,6.757471552845397
pretrained,2,0.1,0.01,2.5,48,48,1.0948005705841692,0.9370477074645149,0.5503565451830152,20,5.8239439434919404,0.0,20,-1.4051994294158308,0.2751782725915076,0.13525118653703985,-5.106505743285188
pretrained,2,0.1,0.03,0.4,48,48,0.977117167598939,0.044101497808297384,0.17281430980467313,0,21.222008553325622,0.0,0,0.5771171675989389,0.08640715490233657,0.0063655029078215465,6.679043746449438
pretrained,2,0.1,0.03,2.5,48,48,1.671296652395667,0.5809317913147625,0.5462212739580814,5,5.421560892587952,0.0,5,-0.8287033476043331,0.2731106369790407,0.0838502815240974,-3.0343137007436667
pretrained,2,0.1,0.1,0.4,48,48,0.97748819526356,0.036814567126780814,0.18148698778558725,0,21.408487072787693,0.0,0,0.57748819526356,0.09074349389279363,0.005313725060186613,6.363962533179705
pretrained,2,0.1,0.1,2.5,48,48,1.7579504111744202,0.46560607789414166,0.5560717485195783,3,5.002515271895845,0.0,3,-0.7420495888255798,0.27803587425978915,0.06720444860212714,-2.668898719638707
scratch,0,0.01,0.01,0.4,48,48,0.6024843635922268,0.09341922286297684,0.7814396069375752,0,0.26987811377118,1.0,0,0.20248436359222677,0.3907198034687876,0.01348390336685633,0.518234196973336
scratch,0,0.01,0.01,2.5,48,48,1.206161879173388,0.9040495929008403,0.5381020257273003,17,6.218746960180549,0.0,17,-1.293838120826612,0.26905101286365013,0.13048831895551793,-4.808895187033934
scratch,0,0.01,0.03,0.4,48,48,0.5297106399600906,0.06173132832810774,0.6884756533499043,0,0.14813716359791818,1.0,0,0.12971063996009058,0.3442378266749522,0.008910149756916544,0.3768053069965792
scratch,0,0.01,0.03,2.5,48,48,1.6940229109653036,0.05888319417633243,0.5253162188398247,0,9.040779886387705,0.0,0,-0.8059770890346964,0.26265810941991236,0.008499057002112634,-3.0685406622880174
scratch,0,0.01,0.1,0.4,48,48,0.7249574254652701,0.11743785026286402,0.8180156754364516,0,0.5818325858657923,0.8541666666666666,0,0.32495742546527007,0.4090078377182258,0.016950693615578875,0.7945017075421917
scratch,0,0.01,0.1,2.5,48,48,0.9891847660287388,1.000464151122221,0.4945076114658358,24,6.227440378628519,0.0,24,-1.510815233971261,0.2472538057329179,0.1444045617412462,-6.110382121289712
scratch,0,0.01,0.3,0.4,48,48,0.6395117018831434,0.07612299372355374,0.7351209717075577,0,0.3996410276919657,1.0,0,0.2395117018831434,0.3675604858537789,0.010987407729453487,0.6516252728494455
scratch,0,0.01,0.3,2.5,48,48,1.5617437794141582,0.7080645072205022,0.5248165921666097,8,6.693866234890568,0.0,8,-0.9382562205858418,0.26240829608330485,0.10220030846184416,-3.575558526884304
scratch,0,0.01,1.0,0.4,48,48,0.7743233695979175,0.08177993133526475,0.8164414550000442,0,0.7550909146927248,0.7708333333333334,0,0.37432336959791745,0.4082207275000221,0.011803916342681053,0.9169631632629365
scratch,0,0.01,1.0,2.5,48,48,0.7916737140821913,0.9891744460721807,0.4960704813870579,29,5.642511112688756,0.0,29,-1.7083262859178086,0.24803524069352895,0.14277503317881812,-6.88743374183916
scratch,0,0.03,0.01,0.4,48,48,0.33591921138439634,0.03480130803281441,0.6239421445043343,0,0.046556117701053716,1.0,0,-0.06408078861560368,0.31197107225216714,0.0050231361402241215,-0.20540618767308974
scratch,0,0.03,0.01,2.5,48,48,2.21791526205988,0.07494733448433492,0.5978792445776171,0,0.9402572903280392,0.5416666666666666,0,-0.2820847379401199,0.29893962228880855,0.010817715934893923,-0.9436177639496548
scratch,0,0.03,0.03,0.4,48,48,0.3611645390356557,0.015052463450161384,0.5420829427937943,0,0.020536902331893193,1.0,0,-0.038835460964344315,0.27104147139689716,0.0021726359562294194,-0.14328235736101047
scratch,0,0.03,0.03,2.5,48,48,1.9474502558495834,0.07284470267101825,0.5934755108759437,0,3.445335887479738,0.0,0,-0.5525497441504166,0.2967377554379719,0.01051422717403766,-1.8620810261736915
scratch,0,0.03,0.1,0.4,48,48,0.369347999213884,0.05077279520046449,0.7039213776053436,0,0.030076904623001572,1.0,0,-0.030652000786116018,0.3519606888026718,0.007328421744124478,-0.08708927377767803
scratch,0,0.03,0.1,2.5,48,48,2.4038122847117216,0.07734020597962767,0.5988392438292511,0,0.16744613695588362,1.0,0,-0.09618771528827841,0.29941962191462557,0.011163097185379785,-0.32124720041128335
scratch,0,0.03,0.3,0.4,48,48,0.4008194474872982,0.04041832764033993,0.6398689983475304,0,0.012106199049715797,1.0,0,0.000819447487298175,0.3199344991737652,0.005833883085836188,0.002561297670036861
scratch,0,0.03,0.3,2.5,48,48,2.249079972371908,0.07595774919941484,0.6009891550884364,0,0.7520807161828694,0.75,0,-0.25092002762809207,0.3004945775442182,0.01096355673683006,-0.8350234792212476
scratch,0,0.03,1.0,0.4,48,48,0.3672486754964997,0.06110609596671224,0.7865469662741891,0,0.03068232020238303,1.0,0,-0.03275132450350032,0.39327348313709454,0.008819905238877105,-0.08327875106718868
scratch,0,0.03,1.0,2.5,48,48,2.4528501411252757,0.07620653042502783,0.6073843065720822,0,0.08549310837831091,1.0,0,-0.04714985887472434,0.3036921532860411,0.010999465213724306,-0.15525543997284283
scratch,0,0.1,0.01,0.4,48,48,0.29994205403170426,0.03427497974774411,0.5983039507240872,0,0.10353569592954648,1.0,0,-0.10005794596829576,0.2991519753620436,0.004947167195957258,-0.33447195475544605
scratch,0,0.1,0.01,2.5,48,48,2.1221513367700378,0.07216875537904276,0.5524118795312037,0,1.8883421131104872,0.10416666666666667,0,-0.37784866322996224,0.27620593976560187,0.010416662586292648,-1.3679961537055212
scratch,0,0.1,0.03,0.4,48,48,0.3452873776874006,0.01269278076126569,0.5243947759689217,0,0.0379768194078072,1.0,0,-0.054712622312599435,0.26219738798446085,0.0018320450973204124,-0.20866959329069282
scratch,0,0.1,0.03,2.5,48,48,1.8771829081014102,0.07132817958125563,0.5497115041383056,0,4.999754616990079,0.0,0,-0.6228170918985898,0.2748557520691528,0.010295335920510977,-2.265978016504785
scratch,0,0.1,0.1,0.4,48,48,0.2997025699372197,0.046422130219309354,0.6986631479132606,0,0.12224401070390434,1.0,0,-0.1002974300627803,0.3493315739566303,0.00670045734461853,-0.28711240992843173
scratch,0,0.1,0.1,2.5,48,48,2.297589903161184,0.0737370948389716,0.5490937192200499,0,0.6024314919668541,0.9166666666666666,0,-0.20241009683881606,0.27454685961002495,0.010643032888635306,-0.7372515465167796
scratch,0,0.1,0.3,0.4,48,48,0.3424091934694728,0.0417858128337266,0.6437082473682606,0,0.04306288876834207,1.0,0,-0.05759080653052723,0.3218541236841303,0.0060312625719648435,-0.17893449949097814
scratch,0,0.1,0.3,2.5,48,48,2.1575115739228043,0.07281411653491039,0.5487311380017238,0,1.5833270223263298,0.25,0,-0.34248842607719565,0.2743655690008619,0.010509812445558825,-1.248292296021006
scratch,0,0.1,1.0,0.4,48,48,0.30786816801326106,0.054494887716745474,0.7538096866227305,0,0.09232468174620101,1.0,0,-0.09213183198673897,0.37690484331136526,0.007865659523180357,-0.24444321589846973
scratch,0,0.1,1.0,2.5,48,48,2.332325669448783,0.0733618918569467,0.5616592581556409,0,0.4172568343921436,0.9375,0,-0.16767433055121694,0.28082962907782044,0.010588877002967099,-0.5970678062062778
scratch,0,0.3,0.01,0.4,48,48,0.3466295162094477,0.06808215470033112,0.5746891710138115,0,0.20214085214737068,0.9375,0,-0.053370483790552314,0.2873445855069057,0.00982681258581148,-0.18573686953732305
scratch,0,0.3,0.01,2.5,48,48,2.1830682901502496,0.0777952756176183,0.585204797948061,0,1.2175226395907732,0.3333333333333333,0,-0.3169317098497504,0.2926023989740305,0.011228780829878264,-1.0831480225761212
scratch,0,0.3,0.03,0.4,48,48,0.3739064256579065,0.04339598025957243,0.4981306791396329,0,0.1628026688892987,0.9375,0,-0.02609357434209353,0.24906533956981644,0.006263670221152957,-0.10476597983148571
scratch,0,0.3,0.03,2.5,48,48,1.9244420491472944,0.0765347123196914,0.5823859967564224,0,3.845212316084902,0.0,0,-0.5755579508527056,0.2911929983782112,0.0110468341900311,-1.9765514763687815
scratch,0,0.3,0.1,0.4,48,48,0.3474379508882777,0.07273364354430789,0.693552695656769,0,0.21581877914028758,0.9375,0,-0.0525620491117223,0.3467763478283845,0.010498197169862113,-0.15157333953391375
scratch,0,0.3,0.1,2.5,48,48,2.3732511338424245,0.07897263470530808,0.5808566118392576,0,0.25929380304349553,0.9791666666666666,0,-0.12674886615757552,0.2904283059196288,0.0113987179764309,-0.43642049887744466
scratch,0,0.3,0.3,0.4,48,48,0.3818405731370151,0.05583884008327973,0.6214946165402463,0,0.1679425834277026,0.9375,0,-0.01815942686298494,0.31074730827012315,0.008059642338329506,-0.05843792168007938
scratch,0,0.3,0.3,2.5,48,48,2.2253261680151075,0.0777084561162698,0.58115439961108,0,0.9433962317867403,0.5416666666666666,0,-0.2746738319848925,0.29057719980554,0.011216249514259648,-0.9452697326862178
scratch,0,0.3,1.0,0.4,48,48,0.35519678074545363,0.08040431461255647,0.7447146598467979,0,0.20256577937470863,0.9375,0,-0.04480321925454639,0.3723573299233989,0.01160536317139171,-0.12032318328140143
scratch,0,0.3,1.0,2.5,48,48,2.411361221038938,0.07888258314632052,0.5940319380901101,0,0.15652200714680473,1.0,0,-0.08863877896106187,0.29701596904505506,0.011385720153475297,-0.2984310212210039
scratch,0,1.0,0.01,0.4,48,48,0.2880385791663537,0.03261399137642007,0.5748234127253747,0,0.13658513560865984,1.0,0,-0.1119614208336463,0.28741170636268737,0.004707424175131066,-0.38955066322998405
scratch,0,1.0,0.01,2.5,48,48,2.1113449178466186,0.07346527839522912,0.5521896989293068,0,1.9912309915205242,0.08333333333333333,0,-0.3886550821533814,0.2760948494646534,0.010603799564394084,-1.4076868254043193
scratch,0,1.0,0.03,0.4,48,48,0.33608398760036184,0.011950449622073225,0.5130864863316693,0,0.05238474187801021,1.0,0,-0.06391601239963818,0.25654324316583466,0.0017248988265602596,-0.24914323063391539
scratch,0,1.0,0.03,2.5,48,48,1.8690974769962523,0.07255512262667849,0.549296766048296,0,5.1178371761185035,0.0,0,-0.6309025230037477,0.274648383024148,0.010472429894899783,-2.297128117256298
scratch,0,1.0,0.1,0.4,48,48,0.27414719299117224,0.04052312581875739,0.6633149866265204,0,0.20191300889617494,1.0,0,-0.12585280700882778,0.3316574933132602,0.005849009399966163,-0.37946619493368755
scratch,0,1.0,0.1,2.5,48,48,2.28962384917009,0.07458138305686379,0.5479972414084949,0,0.6475377411581272,0.8333333333333334,0,-0.21037615082991,0.27399862070424746,0.010764895396103726,-0.7678000359607241
scratch,0,1.0,0.3,0.4,48,48,0.31518509772504705,0.038254985662950644,0.6282654745468705,0,0.08262519397438453,1.0,0,-0.08481490227495297,0.31413273727343527,0.005521631567587458,-0.2699970178565829
scratch,0,1.0,0.3,2.5,48,48,2.153057243988383,0.07368510045806026,0.5476744739820686,0,1.6245764424701672,0.20833333333333334,0,-0.34694275601161717,0.2738372369910343,0.010635528146181428,-1.2669670488348392
scratch,0,1.0,1.0,0.4,48,48,0.28127640405672955,0.04416491631603,0.7225598709495004,0,0.15193592763724453,1.0,0,-0.11872359594327048,0.3612799354747502,0.0063746565809493045,-0.32861940087333763
scratch,0,1.0,1.0,2.5,48,48,2.3222489931031296,0.07448763501564395,0.5610805403414706,0,0.46271358027896287,0.9375,0,-0.1777510068968704,0.2805402701707353,0.010751364031895158,-0.63360246565918
scratch,1,0.01,0.01,0.4,48,48,0.9639596618978334,0.03400001178998957,0.20963866619120627,0,32.811764159501614,0.0,0,0.5639596618978334,0.10481933309560314,0.004907478989850232,5.380301946621428
scratch,1,0.01,0.01,2.5,48,48,1.7638509108486484,0.07707274366003358,0.4644935363102635,0,9.03955399400555,0.0,0,-0.7361490891513516,0.23224676815513176,0.011124492324825853,-3.169684964828586
scratch,1,0.01,0.03,0.4,48,48,0.8887174227387118,0.03714237846985529,0.20456411080098233,0,25.471664458774057,0.0,0,0.48871742273871177,0.10228205540049116,0.005361040551978479,4.7781345498495424
scratch,1,0.01,0.03,2.5,48,48,1.6916819131691703,0.07680617182602224,0.4684605390142091,0,10.6921255218136,0.0,0,-0.8083180868308297,0.23423026950710454,0.011086015994794649,-3.4509548596421364
scratch,1,0.01,0.1,0.4,48,48,0.9399260476879711,0.04608098447836159,0.27956256188233103,0,30.36045540238077,0.0,0,0.539926047687971,0.13978128094116551,0.006651217198276258,3.8626491619806234
scratch,1,0.01,0.1,2.5,48,48,0.6803267237525641,0.9293429829054678,0.48701805273006354,31,7.462439034600645,0.0,31,-1.819673276247436,0.24350902636503177,0.1341391053374904,-7.472713859566166
scratch,1,0.03,0.01,0.4,48,48,0.3879909887916349,0.26665496561334007,0.4449446836423589,0,2.5883861496892373,0.375,0,-0.012009011208365117,0.22247234182117945,0.03848832904440307,-0.053979794117588846
scratch,1,0.03,0.01,2.5,48,48,1.9758426789474903,0.12795315020349932,0.3654967414997425,0,5.699574420394735,0.020833333333333332,0,-0.5241573210525097,0.18274837074987124,0.01846844642841274,-2.8681914859308204
scratch,1,0.03,0.03,0.4,48,48,0.5119597237933564,0.1326303913531419,0.6811838563098483,0,0.6171960816088055,0.8958333333333334,0,0.11195972379335639,0.3405919281549242,0.019143548037615473,0.32872101344230786
scratch,1,0.03,0.03,2.5,48,48,2.0216254233970528,0.07560463838871118,0.5484765891110033,0,3.0177648517197517,0.0,0,-0.47837457660294724,0.27423829455550164,0.010912589581426678,-1.7443755525767082
scratch,1,0.03,0.1,0.4,48,48,0.6710376840942676,0.1959625284244884,0.8578256307143094,0,1.0928750872218036,0.7916666666666666,0,0.27103768409426754,0.4289128153571547,0.02828475463423952,0.6319178965743308
scratch,1,0.03,0.1,2.5,48,48,2.273376080801967,0.07694121832331494,0.5668630380239511,0,0.6968123413423655,0.7916666666666666,0,-0.22662391919803282,0.28343151901197555,0.011105508277685913,-0.7995720447324615
scratch,1,0.1,0.01,0.4,48,48,0.28785948468572603,0.040608618567380635,0.648167173722017,0,0.144917375009148,1.0,0,-0.11214051531427399,0.3240835868610085,0.005861349215324011,-0.3460234330298507
scratch,1,0.1,0.01,2.5,48,48,2.16044551898677,0.07290307894128313,0.5352387843200508,0,1.6278765718421557,0.20833333333333334,0,-0.3395544810132298,0.2676193921600254,0.010522653062875588,-1.2687962493024056
scratch,1,0.1,0.03,0.4,48,48,0.3694719722372432,0.04391319530212844,0.6750280725800343,0,0.016620804111198595,1.0,0,-0.030528027762756815,0.33751403629001714,0.006338323782165116,-0.09044965388202364
scratch,1,0.1,0.03,2.5,48,48,2.0694440536770515,0.07170874445749383,0.5393904943281905,0,2.526122881731226,0.020833333333333332,0,-0.43055594632294847,0.26969524716409526,0.010350265728946036,-1.5964535928991659
scratch,1,0.1,0.1,0.4,48,48,0.4295732399505754,0.23267538264025658,0.9774098550800877,0,0.11541214035431342,1.0,0,0.02957323995057537,0.48870492754004385,0.03358379870028783,0.060513488373108694
scratch,1,0.1,0.1,2.5,48,48,2.350037562666487,0.07227116488806812,0.5536110966496086,0,0.3546265281635594,0.9583333333333334,0,-0.1499624373335129,0.2768055483248043,0.01043144412569349,-0.5417609518344864
scratch,2,0.01,0.01,0.4,48,48,0.579676408762998,0.07688110053646757,0.709891876462246,0,0.4402569188477325,0.9166666666666666,0,0.17967640876299795,0.354945938231123,0.01109683102258106,0.5062078176141902
scratch,2,0.01,0.01,2.5,48,48,1.762341610329874,0.0789590143959468,0.5570739386548366,0,6.783730692964809,0.0,0,-0.7376583896701261,0.2785369693274183,0.011396752054111855,-2.6483320740199976
scratch,2,0.01,0.03,0.4,48,48,0.6856376630836071,0.14450423807654508,0.7910005987501941,0,1.0170666936438313,0.6666666666666666,0,0.28563766308360705,0.39550029937509706,0.02085739018813377,0.7222185761551219
scratch,2,0.01,0.03,2.5,48,48,1.269986220905833,0.952229406718769,0.5651573220800452,17,4.162324090416708,0.0,17,-1.230013779094167,0.2825786610400226,0.13744247607483973,-4.352819050692422
scratch,2,0.01,0.1,0.4,48,48,0.6913066517888854,0.07044975008581282,0.7563857937343604,0,0.657165723924436,0.8541666666666666,0,0.2913066517888854,0.3781928968671802,0.010168545544096474,0.7702594474988013
scratch,2,0.01,0.1,2.5,48,48,1.701862623211604,0.5911502425793908,0.5709258148836713,5,4.531751164000752,0.0,5,-0.7981373767883959,0.28546290744183567,0.08532518792118096,-2.7959407544078907
scratch,2,0.03,0.01,0.4,48,48,0.4537485490403568,0.2361563352849358,0.5388915184935682,0,0.8335179155622731,0.6666666666666666,0,0.05374854904035675,0.2694457592467841,0.034086230936898304,0.19947817768818069
scratch,2,0.03,0.01,2.5,48,48,1.830681298493338,0.07494264943131987,0.5213457817095071,0,6.195734495964113,0.0,0,-0.669318701506662,0.26067289085475354,0.01081703970573907,-2.5676574933125864
scratch,2,0.03,0.03,0.4,48,48,0.4187886488413257,0.300378914531925,0.5482337774009595,0,1.2425936190910913,0.5,0,0.018788648841325695,0.27411688870047973,0.043355961790973625,0.06854247080651625
scratch,2,0.03,0.03,2.5,48,48,2.026293599493131,0.07784183934649687,0.5297655573040393,0,3.110976027529811,0.0,0,-0.47370640050686896,0.26488277865201965,0.011235501725228893,-1.788362395311414
scratch,2,0.03,0.1,0.4,48,48,0.5975398758971279,0.17080162007273708,0.6083306652519066,0,0.8216413815475789,0.6666666666666666,0,0.19753987589712785,0.3041653326259533,0.024653090331754737,0.6494490157431981
scratch,2,0.03,0.1,2.5,48,48,1.9668547893006176,0.07719997917227342,0.5395782143578459,0,3.770771641639461,0.0,0,-0.5331452106993824,0.26978910717892296,0.011142857189136391,-1.976155435904248
scratch,2,0.1,0.01,0.4,48,48,0.37716348686055706,0.03273349714776681,0.5892322702120606,0,0.039708987115394244,0.9791666666666666,0,-0.02283651313944296,0.2946161351060303,0.004724673347445254,-0.07751277142789297
scratch,2,0.1,0.01,2.5,48,48,2.0378165989754833,0.07309685211336839,0.5676940305500373,0,2.6354000114291316,0.0,0,-0.4621834010245167,0.28384701527501865,0.010550621811141877,-1.6282834631067316
scratch,2,0.1,0.03,0.4,48,48,0.3316167848504347,0.06022127147721199,0.6736423885351517,0,0.09412167082473388,0.9791666666666666,0,-0.0683832151495653,0.33682119426757584,0.008692191824577469,-0.2030252736864315
scratch,2,0.1,0.03,2.5,48,48,2.255949597370651,0.07577952861307109,0.5728950740604987,0,0.779852830805415,0.6666666666666666,0,-0.24405040262934907,0.28644753703024933,0.010937832810954886,-0.8519898797509191
scratch,2,0.1,0.1,0.4,48,48,0.4366579540486664,0.04568435317296956,0.7165162245911033,0,0.046932480138139,0.9791666666666666,0,0.0366579540486664,0.35825811229555166,0.006593968400541978,0.10232274661913235
scratch,2,0.1,0.1,2.5,48,48,2.212308750364377,0.07404092766323574,0.5813695823463135,0,1.022787381187224,0.4583333333333333,0,-0.287691249635623,0.29068479117315676,0.01068688737935469,-0.9897017607097629
