variant,task,frac,seed,val_bce_full,val_auc_full,best_epoch,best_step,epochs_run,n_train_rows,n_trainable_params,hours
frozen,sbi_over_bkg,0.01,0,0.6926784394581327,0.5059795165157339,16,32000,21,46102.0,1186306.0,1.828312719464302
frozen,sbi_over_bkg,0.03,0,0.6926972715642782,0.5067542137276293,10,20000,15,138304.0,1186306.0,1.1145573861731424
frozen,sbi_over_bkg,0.1,0,0.6926980656730009,0.5064728599601868,9,18000,14,461012.0,1186306.0,0.5006455522113377
frozen,sbi_over_bkg,0.3,0,0.6926802884854396,0.5066990190326572,14,28000,19,1383034.0,1186306.0,0.6392589239279429
frozen,sbi_over_bkg,1.0,0,0.6926906347143544,0.5063515798592202,13,26000,18,4610116.0,1186306.0,0.6410428449180391
frozen,sig_over_bkg,0.01,0,0.46248968290237275,0.8611211607309142,1,2000,6,34771.0,1186306.0,0.5464834660953946
frozen,sig_over_bkg,0.03,0,0.45286524578077536,0.8641217482712865,1,2000,6,104313.0,1186306.0,0.5690360140800476
frozen,sig_over_bkg,0.1,0,0.4475435538672002,0.8697489614517832,10,20000,15,347710.0,1186306.0,0.5334301941924625
frozen,sig_over_bkg,0.3,0,0.4472646851304742,0.8686609094406497,3,6000,8,1043131.0,1186306.0,0.35279743446244133
frozen,sig_over_bkg,1.0,0,0.4442639001974753,0.8708707505297305,6,12000,11,3477101.0,1186306.0,0.45429201788372464
poster,sbi_over_bkg,1.0,0,0.6925872221767826,0.5080077457823523,20,0,20,,,0.3936215294069714
poster,sig_over_bkg,1.0,0,0.4246820429159879,0.8842386985280507,7,0,20,,,0.3463650509383943
pretrained,sbi_over_bkg,0.01,0,0.6926521208740828,0.5056107134825643,13,26000,18,46102.0,19860656.0,2.6238277782996495
pretrained,sbi_over_bkg,0.01,1,0.6927196306141271,0.5068903587106754,10,20000,15,46102.0,19860656.0,2.2295450109905666
pretrained,sbi_over_bkg,0.01,2,0.6927071683551937,0.506363133987388,8,16000,13,46102.0,19860656.0,1.9176582157611848
pretrained,sbi_over_bkg,0.03,0,0.6926469154672774,0.5070563326495008,12,24000,17,138304.0,19860656.0,2.4702648416492674
pretrained,sbi_over_bkg,0.03,1,0.6927695231971338,0.5063999345209491,8,16000,13,138304.0,19860656.0,1.9269198267327414
pretrained,sbi_over_bkg,0.03,2,0.6926695368268229,0.5059548278134863,8,16000,13,138304.0,19860656.0,0.9562268543905682
pretrained,sbi_over_bkg,0.1,0,0.6927202376859422,0.5058994852329026,15,30000,20,461012.0,19860656.0,2.88782802634769
pretrained,sbi_over_bkg,0.1,1,0.6929227593805551,0.5054019473970041,5,10000,10,461012.0,19860656.0,0.7674307829141617
pretrained,sbi_over_bkg,0.1,2,0.692636314637831,0.5069544175343459,12,24000,17,461012.0,19860656.0,1.218256541689237
pretrained,sbi_over_bkg,0.3,0,0.6926520918488095,0.5057803284154387,10,20000,15,1383034.0,19860656.0,1.1087915005286535
pretrained,sbi_over_bkg,1.0,0,0.6926535513213112,0.5058296104576183,12,24000,17,4610116.0,19860656.0,1.268142535024219
pretrained,sig_over_bkg,0.01,0,0.4637335459507056,0.8629826921963836,1,2000,6,34771.0,19860656.0,1.0005933662917879
pretrained,sig_over_bkg,0.01,1,0.4546944288560919,0.8656740792183456,1,2000,6,34771.0,19860656.0,1.033874188595348
pretrained,sig_over_bkg,0.01,2,0.46135684277078387,0.8638869750891287,1,2000,6,34771.0,19860656.0,1.0321855255630281
pretrained,sig_over_bkg,0.03,0,0.4462974490542772,0.8706362426191546,2,4000,7,104313.0,19860656.0,1.162711038854387
pretrained,sig_over_bkg,0.03,1,0.44546521372629866,0.8724842341497088,2,4000,7,104313.0,19860656.0,1.1576871746116215
pretrained,sig_over_bkg,0.03,2,0.4483622041405244,0.8682337825756979,1,2000,6,104313.0,19860656.0,0.8047395008802414
pretrained,sig_over_bkg,0.1,0,0.43753317317472945,0.8758067557938516,5,10000,10,347710.0,19860656.0,1.5133194072379006
pretrained,sig_over_bkg,0.1,1,0.43208451292979366,0.8789486562854224,3,6000,8,347710.0,19860656.0,0.6445251410537296
pretrained,sig_over_bkg,0.1,2,0.44393768307422604,0.87400878074552,7,14000,12,347710.0,19860656.0,0.8979499228133095
pretrained,sig_over_bkg,0.3,0,0.4288386940595623,0.8809004344109742,10,20000,15,1043131.0,19860656.0,1.9154785384734472
pretrained,sig_over_bkg,1.0,0,0.43046602004268647,0.8799403070053514,7,14000,12,3477101.0,19860656.0,0.9480398948987325
scratch,sbi_over_bkg,0.01,0,0.6928468033920097,0.5035402168104988,3,6000,8,46102.0,19860656.0,1.23502743475967
scratch,sbi_over_bkg,0.01,1,0.6926781191345648,0.5045116530375776,2,4000,7,46102.0,19860656.0,1.218715188437038
scratch,sbi_over_bkg,0.01,2,0.6928509787682883,0.5038345060234753,2,4000,7,46102.0,19860656.0,1.1543216581477058
scratch,sbi_over_bkg,0.03,0,0.6929018331790548,0.5003929977159516,4,8000,9,138304.0,19860656.0,1.423898567027516
scratch,sbi_over_bkg,0.03,1,0.6926780306045773,0.5025466212005927,2,4000,7,138304.0,19860656.0,1.1532000638378992
scratch,sbi_over_bkg,0.03,2,0.6926849252822219,0.5072208808386669,7,14000,12,138304.0,19860656.0,1.7408456576532787
scratch,sbi_over_bkg,0.1,0,0.6927066214058437,0.50722232269178,3,6000,8,461012.0,19860656.0,1.286177120010058
scratch,sbi_over_bkg,0.1,1,0.6927268908157158,0.5072268137324616,2,4000,7,461012.0,19860656.0,1.141658439040184
scratch,sbi_over_bkg,0.1,2,0.6927813016380724,0.5076297637395704,5,10000,10,461012.0,19860656.0,1.5441931858989928
scratch,sbi_over_bkg,0.3,0,0.6928312069447047,0.5067822773840267,3,6000,8,1383034.0,19860656.0,1.2379175548421013
scratch,sbi_over_bkg,1.0,0,0.6926799153503207,0.5071023677863804,3,6000,8,4610116.0,19860656.0,1.2974033817980024
scratch,sig_over_bkg,0.01,0,0.5574566802205344,0.8499766662124956,1,2000,6,34771.0,19860656.0,0.518420512676239
scratch,sig_over_bkg,0.01,1,0.558499846983501,0.8520593559040849,1,2000,6,34771.0,19860656.0,0.8881085431575775
scratch,sig_over_bkg,0.01,2,0.5143124029825114,0.8533829955684482,1,2000,6,34771.0,19860656.0,1.063457377685441
scratch,sig_over_bkg,0.03,0,0.4320310858190603,0.8800281090057378,1,2000,6,104313.0,19860656.0,0.984860989915
scratch,sig_over_bkg,0.03,1,0.4351352455193333,0.8775656389283515,1,2000,6,104313.0,19860656.0,0.9790690769089593
scratch,sig_over_bkg,0.03,2,0.43946131070678607,0.8785645800008696,1,2000,6,104313.0,19860656.0,1.0373083169592752
scratch,sig_over_bkg,0.1,0,0.4319640647592226,0.8824593893832244,4,8000,9,347710.0,19860656.0,1.4103871766726177
scratch,sig_over_bkg,0.1,1,0.4279489057620295,0.8827379803904688,1,2000,6,347710.0,19860656.0,0.8035442827807533
scratch,sig_over_bkg,0.1,2,0.4267822778449129,0.882654284491036,2,4000,7,347710.0,19860656.0,1.1682348642746607
scratch,sig_over_bkg,0.3,0,0.42376964319764543,0.8849808039758275,7,14000,12,1043131.0,19860656.0,1.812441641026073
scratch,sig_over_bkg,1.0,0,0.42675195842954194,0.8843246015442087,4,8000,9,3477101.0,19860656.0,1.4760869690444733
