variant,frac,seed,mu_true,mode,C2_sig,C2_sbi,bias,se,width,n_open,n_boundary,mean_muhat,std_muhat,coverage,n_spike
frozen,0.01,0,2.5,clip_recal,1.051746970227675,1.0001039003198764,-0.48180906644108257,0.009258089421364236,0.5254988409998715,0,0,2.0181909335589174,0.06414192503527522,0.0,0
frozen,0.01,0,2.5,clip_only,1.051746970227675,1.0001039003198764,-2.382923861885882,0.06619203317799112,0.5102622761101222,45,45,0.11707613811411778,0.4585918580822617,0.0,0
frozen,0.01,0,0.4,clip_recal,1.051746970227675,1.0001039003198764,0.32794999769677524,0.010426112744434042,0.8410478694173635,0,0,0.7279499976967753,0.07223422799520458,0.8958333333333334,3
frozen,0.01,0,0.4,clip_only,1.051746970227675,1.0001039003198764,-0.04499228453282228,0.009313534896870234,0.6571397099267942,0,0,0.35500771546717774,0.06452606255778004,1.0,0
frozen,0.03,0,2.5,clip_recal,1.0093832811006547,1.0001247359816052,-0.13725652149987289,0.010879862219816228,0.6561180841872171,0,0,2.362743478500127,0.07537789657628326,1.0,0
frozen,0.03,0,2.5,clip_only,1.0093832811006547,1.0001247359816052,-0.19539465569622205,0.010988811400693712,0.6590519785589507,0,0,2.304605344303778,0.07613271864317452,0.9791666666666666,0
frozen,0.03,0,0.4,clip_recal,1.0093832811006547,1.0001247359816052,0.18990324887669252,0.012568135020787578,0.8759856604879367,0,0,0.5899032488766925,0.08707459364955925,1.0,0
frozen,0.03,0,0.4,clip_only,1.0093832811006547,1.0001247359816052,0.07458722274499047,0.011219644417278145,0.8007447566751313,0,0,0.4745872227449905,0.07773197669432902,1.0,0
frozen,0.1,0,2.5,clip_recal,1.0090919572137893,1.0001178587361534,-0.26305018270697733,0.01078875647792132,0.5765288495112085,0,0,2.2369498172930227,0.07474669748099032,0.5625,0
frozen,0.1,0,2.5,clip_only,1.0090919572137893,1.0001178587361534,-0.3040563236148821,0.01087778391461705,0.5772485665380441,0,0,2.195943676385118,0.07536349765548882,0.375,0
frozen,0.1,0,0.4,clip_recal,1.0090919572137893,1.0001178587361534,0.11009886549673209,0.029803822030287953,0.9136916840947915,0,0,0.5100988654967321,0.20648693606479737,0.9791666666666666,2
frozen,0.1,0,0.4,clip_only,1.0090919572137893,1.0001178587361534,-0.07928537390642643,0.0160855157178828,0.8182617134832585,0,0,0.3207146260935736,0.1114437219572831,0.9791666666666666,1
frozen,0.3,0,2.5,clip_recal,1.0208428942043366,1.0001654028490514,-0.2560752014859369,0.010610593491710259,0.577705417559199,0,0,2.243924798514063,0.07351234810440731,0.6458333333333334,0
frozen,0.3,0,2.5,clip_only,1.0208428942043366,1.0001654028490514,-0.3452250129856904,0.010766960241723734,0.5777576710281532,0,0,2.1547749870143096,0.07459568872695835,0.2708333333333333,0
frozen,0.3,0,0.4,clip_recal,1.0208428942043366,1.0001654028490514,0.16581508162067848,0.03402806106172831,0.9726041013868448,0,0,0.5658150816206785,0.23575332256787834,1.0,3
frozen,0.3,0,0.4,clip_only,1.0208428942043366,1.0001654028490514,-0.13186760604443332,0.006209235586325082,0.7397241216163905,0,0,0.2681323939555667,0.04301884604671907,1.0,0
frozen,1.0,0,2.5,clip_recal,1.0203531868102538,1.000080024775807,-0.363203420075338,0.010772140701670367,0.5705418053419767,0,0,2.136796579924662,0.07463158000629493,0.20833333333333334,0
frozen,1.0,0,2.5,clip_only,1.0203531868102538,1.000080024775807,-0.44560603646297237,0.010930469943119123,0.5720770304626357,0,0,2.0543939635370276,0.07572851716834726,0.0,0
frozen,1.0,0,0.4,clip_recal,1.0203531868102538,1.000080024775807,0.018379493461806062,0.017647758384028746,0.8125345823240387,0,0,0.4183794934618061,0.12226725664334966,1.0,0
frozen,1.0,0,0.4,clip_only,1.0203531868102538,1.000080024775807,-0.08561476832715476,0.005769092276260417,0.6547317408308265,0,0,0.31438523167284527,0.03996944374414491,1.0,0
poster,1.0,0,2.5,clip_recal,0.9992187503393607,1.000082540893397,-0.17265193933386547,0.011027340787686664,0.5755784801431174,0,0,2.3273480606661345,0.07639965806659962,0.9375,0
poster,1.0,0,2.5,clip_only,0.9992187503393607,1.000082540893397,-0.17324611814134316,0.011034308922106825,0.5755695180803018,0,0,2.326753881858657,0.07644793471799836,0.9375,0
poster,1.0,0,0.4,clip_recal,0.9992187503393607,1.000082540893397,-0.07192047774185878,0.018087292762889246,0.9140792033289716,0,0,0.32807952225814124,0.1253124401467881,1.0,1
poster,1.0,0,0.4,clip_only,0.9992187503393607,1.000082540893397,-0.11245279157603649,0.007436380354990125,0.8975385912955501,0,0,0.28754720842396353,0.05152075439699992,1.0,0
pretrained,0.01,0,2.5,clip_recal,1.0870332327473728,1.0001408764410367,-0.44452987534103494,0.010183070356848805,0.5531514659684933,0,0,2.055470124658965,0.07055038094044266,0.0,0
pretrained,0.01,0,2.5,clip_only,1.0870332327473728,1.0001408764410367,-2.5,0.0,,48,48,0.0,0.0,,0
pretrained,0.01,0,0.4,clip_recal,1.0870332327473728,1.0001408764410367,0.13020870761932457,0.03406155636318194,0.9010715504794481,0,0,0.5302087076193246,0.23598538482360845,1.0,0
pretrained,0.01,0,0.4,clip_only,1.0870332327473728,1.0001408764410367,-0.12381043149526394,0.003941057354266405,0.4332995412293747,0,0,0.2761895685047361,0.027304446292529556,1.0,0
pretrained,0.01,1,2.5,clip_recal,1.167206622840974,1.0001289428043523,-1.8772164809757368,0.14167310664345767,0.5804705579455087,34,34,0.6227835190242631,0.9815400750903701,0.14285714285714285,0
pretrained,0.01,1,0.4,clip_recal,1.167206622840974,1.0001289428043523,0.420115689199547,0.021837320513001274,0.7859131890124633,0,0,0.820115689199547,0.15129339451873705,0.4791666666666667,22
pretrained,0.01,2,2.5,clip_recal,1.0831553803997094,1.0001345253203606,-0.5250743099622948,0.012272760414609136,0.5464820826236266,0,0,1.9749256900377052,0.08502817834889241,0.0,0
pretrained,0.01,2,0.4,clip_recal,1.0831553803997094,1.0001345253203606,-0.17024719007957076,0.02201006774555519,0.7495727106492162,0,0,0.22975280992042926,0.15249022245333826,0.9166666666666666,1
pretrained,0.03,0,2.5,clip_recal,1.2772160301638555,1.0001144794930588,-0.7328469395437889,0.12483023933909666,0.5542575170931946,9,9,1.7671530604562111,0.8648492674251944,0.38461538461538464,0
pretrained,0.03,0,2.5,clip_only,1.2772160301638555,1.0001144794930588,-2.4793942641684805,0.0010310255812938166,0.06001089719468474,6,0,0.02060573583151946,0.007143154762816504,0.0,0
pretrained,0.03,0,0.4,clip_recal,1.2772160301638555,1.0001144794930588,0.37234593430907725,0.042231242207731105,0.48399301457909205,0,0,0.7723459343090773,0.2925866286821501,0.020833333333333332,33
pretrained,0.03,0,0.4,clip_only,1.2772160301638555,1.0001144794930588,-0.1303698701945858,0.002043590363710857,0.2785289519483687,0,0,0.26963012980541423,0.014158409359221462,0.9583333333333334,0
pretrained,0.03,1,2.5,clip_recal,1.1247488748518444,1.0000268735642082,-0.5603068636220658,0.0601305201668095,0.49779367401991864,2,2,1.9396931363779342,0.4165964640578362,0.0,0
pretrained,0.03,1,0.4,clip_recal,1.1247488748518444,1.0000268735642082,-0.10044300696771219,0.040272606682576026,0.6374564571943467,0,0,0.29955699303228783,0.2790168037098383,0.6666666666666666,5
pretrained,0.03,2,2.5,clip_recal,1.0238567640851464,1.000084845130324,-0.25050627136632064,0.012360536693812579,0.6161255240597086,0,0,2.2494937286336794,0.08563631025001127,0.75,0
pretrained,0.03,2,0.4,clip_recal,1.0238567640851464,1.000084845130324,-0.08953784751821375,0.007662811478049897,0.7600846467720329,0,0,0.31046215248178627,0.053089515235217544,1.0,0
pretrained,0.1,0,2.5,clip_recal,1.0739117430625413,1.0065255781027,-0.38206770787806743,0.013054767836485286,0.555675033961808,0,0,2.1179322921219326,0.09044608469523417,0.14583333333333334,0
pretrained,0.1,0,2.5,clip_only,1.0739117430625413,1.0065255781027,-2.5,0.0,,48,48,0.0,0.0,,0
pretrained,0.1,0,0.4,clip_recal,1.0739117430625413,1.0065255781027,0.04357934129351271,0.016779522001316893,0.7735140425949739,0,0,0.44357934129351273,0.11625193853200268,1.0,0
pretrained,0.1,0,0.4,clip_only,1.0739117430625413,1.0065255781027,-0.3151258883601521,0.0013032328970560586,0.1518859576184778,0,0,0.08487411163984794,0.009029062367185096,0.0,0
pretrained,0.1,1,2.5,clip_recal,1.0092268817840842,1.0000313015067577,-1.5170149066958327,0.1626863083108226,0.5717262149448743,27,27,0.9829850933041672,1.1271238067606384,0.7619047619047619,0
pretrained,0.1,1,0.4,clip_recal,1.0092268817840842,1.0000313015067577,-0.20534244546635264,0.004097650233034171,0.446966368178197,0,0,0.1946575545336474,0.028389353581046536,0.8541666666666666,0
pretrained,0.1,2,2.5,clip_recal,1.0722660877347039,1.0001295158903307,-0.39078930045673266,0.011090119346466322,0.5646462076245221,0,0,2.1092106995432673,0.07683460068032888,0.10416666666666667,0
pretrained,0.1,2,0.4,clip_recal,1.0722660877347039,1.0001295158903307,0.1726893902238411,0.022638842734094656,0.8466313596344947,0,0,0.5726893902238411,0.15684650336005382,1.0,0
pretrained,0.3,0,2.5,clip_recal,1.0203171514734497,1.0001369698997808,-0.13284880198074012,0.019504144000059998,0.5080330289182817,0,0,2.36715119801926,0.13512867346497437,0.8333333333333334,0
pretrained,0.3,0,2.5,clip_only,1.0203171514734497,1.0001369698997808,-0.27747317991523657,0.050312789661771586,0.4849141647976727,1,1,2.2225268200847634,0.34857723185885814,0.574468085106383,0
pretrained,0.3,0,0.4,clip_recal,1.0203171514734497,1.0001369698997808,0.027510050274653364,0.033212106151838394,0.9612636988326315,0,0,0.4275100502746534,0.23010022112541986,1.0,3
pretrained,0.3,0,0.4,clip_only,1.0203171514734497,1.0001369698997808,-0.11649937261047377,0.006203749942328918,0.6907504756714765,0,0,0.28350062738952625,0.04298084039026471,1.0,0
pretrained,1.0,0,2.5,clip_recal,0.9905393181522362,1.0000658503852409,-0.20902467502645417,0.011168290814517172,0.5828183795180251,0,0,2.290975324973546,0.07737618849779417,0.9166666666666666,0
pretrained,1.0,0,2.5,clip_only,0.9905393181522362,1.0000658503852409,-0.17384965236055905,0.011133113464727565,0.5820641933208094,0,0,2.326150347639441,0.07713247266934928,0.9166666666666666,0
pretrained,1.0,0,0.4,clip_recal,0.9905393181522362,1.0000658503852409,-0.07489441233489891,0.008621456658104985,0.7953122967921643,0,0,0.3251055876651011,0.059731203868363246,1.0,0
pretrained,1.0,0,0.4,clip_only,0.9905393181522362,1.0000658503852409,-0.07022414361333712,0.012646652305722062,0.8710915385260458,0,0,0.3297758563866629,0.0876185773566748,1.0,0
scratch,0.01,0,2.5,clip_recal,0.9990476479194854,1.0001567537921705,-1.2233167117871782,0.12580158837886618,0.5406219982392548,15,15,1.2766832882128218,0.8715789709802506,0.0,0
scratch,0.01,0,2.5,clip_only,0.9990476479194854,1.0001567537921705,-1.454288007489464,0.13466352241627716,0.5400157418661026,21,21,1.045711992510536,0.9329762510047298,0.0,0
scratch,0.01,0,0.4,clip_recal,0.9990476479194854,1.0001567537921705,0.18235268220937373,0.011832955267209174,0.7653001313526225,0,0,0.5823526822093738,0.0819811189059842,1.0,0
scratch,0.01,0,0.4,clip_only,0.9990476479194854,1.0001567537921705,0.15533674359553828,0.013232356632837158,0.7748092532831147,0,0,0.5553367435955383,0.09167645596777996,1.0,0
scratch,0.01,1,2.5,clip_recal,1.0695483773905203,1.000031349760737,-0.6209849610290386,0.010383748040640085,0.4833649892026178,0,0,1.8790150389709614,0.07194071671752962,0.0,0
scratch,0.01,1,0.4,clip_recal,1.0695483773905203,1.000031349760737,0.01569137969089629,0.043044812910561156,0.8320101143696483,0,0,0.4156913796908963,0.2982232118535547,0.8541666666666666,6
scratch,0.01,2,2.5,clip_recal,1.00474715104658,1.0000047807109749,-0.7353815747881629,0.011310182102183519,0.5626877119123624,0,0,1.764618425211837,0.0783592401753521,0.0,0
scratch,0.01,2,0.4,clip_recal,1.00474715104658,1.0000047807109749,0.08794434758972641,0.00902838717768683,0.7033318440573342,0,0,0.48794434758972643,0.06255050120862787,1.0,0
scratch,0.03,0,2.5,clip_recal,0.9986687705752276,1.0000383261960852,-0.5564697386226782,0.010513264700187779,0.5935989648247052,0,0,1.9435302613773218,0.07283803445658245,0.0,0
scratch,0.03,0,2.5,clip_only,0.9986687705752276,1.0000383261960852,-0.552549744150399,0.010514227174036534,0.5934755108759249,0,0,1.947450255849601,0.07284470267101045,0.0,0
scratch,0.03,0,0.4,clip_recal,0.9986687705752276,1.0000383261960852,-0.03590606124781209,0.002167178749464179,0.5406567613017926,0,0,0.36409393875218793,0.015014654812622165,1.0,0
scratch,0.03,0,0.4,clip_only,0.9986687705752276,1.0000383261960852,-0.03883546096440538,0.0021726359562349844,0.5420829427937943,0,0,0.36116453903559465,0.015052463450199938,1.0,0
scratch,0.03,1,2.5,clip_recal,1.001144782899894,1.0000171797581854,-0.48170347776480194,0.010788230045704578,0.5509574611482907,0,0,2.018296522235198,0.07474305025160576,0.0,0
scratch,0.03,1,0.4,clip_recal,1.001144782899894,1.0000171797581854,0.004575676688497343,0.009266522023426187,0.6879831207235951,0,0,0.40457567668849737,0.06420034781612045,1.0,0
scratch,0.03,2,2.5,clip_recal,1.0199811540412622,1.0001191949607637,-0.41883600785357666,0.011191588871168189,0.534806945005649,0,0,2.0811639921464233,0.07753760216914288,0.020833333333333332,0
scratch,0.03,2,0.4,clip_recal,1.0199811540412622,1.0001191949607637,-0.16007021421494524,0.006443953909328428,0.7683438228127931,0,0,0.23992978578505478,0.04464502229035571,1.0,0
scratch,0.1,0,2.5,clip_recal,0.9980592993211994,1.000005740834775,-0.2088366226681706,0.010652525226667896,0.54922229089629,0,0,2.2911633773318294,0.07380285968599186,0.8958333333333334,0
scratch,0.1,0,2.5,clip_only,0.9980592993211994,1.000005740834775,-0.20243944896223054,0.010642463850435638,0.5490989353825174,0,0,2.2975605510377695,0.07373315242667852,0.9166666666666666,0
scratch,0.1,0,0.4,clip_recal,0.9980592993211994,1.000005740834775,-0.10039184269440787,0.006487701890130762,0.681131647664804,0,0,0.29960815730559215,0.04494811719226847,1.0,0
scratch,0.1,0,0.4,clip_only,0.9980592993211994,1.000005740834775,-0.10042649154943167,0.006681326043557617,0.697642417051453,0,0,0.29957350845056835,0.046289584677499766,1.0,0
scratch,0.1,1,2.5,clip_recal,0.9973006669751886,1.0001697934695402,-0.15243898180491522,0.010425783424220066,0.5537618715129632,0,0,2.347561018195085,0.07223194639783431,0.9583333333333334,0
scratch,0.1,1,0.4,clip_recal,0.9973006669751886,1.0001697934695402,0.16923227577332312,0.03268077603965964,0.9839611116451524,0,0,0.5692322757733231,0.22641905812588037,1.0,4
scratch,0.1,2,2.5,clip_recal,1.00099199858862,1.000092293831716,-0.2794801375092102,0.0106694711279067,0.5811762700044332,0,0,2.22051986249079,0.07392026433369447,0.4791666666666667,0
scratch,0.1,2,0.4,clip_recal,1.00099199858862,1.000092293831716,0.06474767739620446,0.006509976286814955,0.7377579417458445,0,0,0.4647476773962045,0.045102438739328336,1.0,0
scratch,0.3,0,2.5,clip_recal,0.9987439946838043,0.9998562797522689,-0.28717328368670847,0.011242041485094351,0.5815402800750696,0,0,2.2128267163132915,0.07788714813192196,0.5,0
scratch,0.3,0,2.5,clip_only,0.9987439946838043,0.9998562797522689,-0.2755040159105282,0.011214654110931319,0.5813537518551238,0,0,2.224495984089472,0.07769740283777687,0.5416666666666666,0
scratch,0.3,0,0.4,clip_recal,0.9987439946838043,0.9998562797522689,-0.07648448440987676,0.005016293049462721,0.5951496709490041,0,0,0.32351551559012326,0.034753897709296204,1.0,0
scratch,0.3,0,0.4,clip_only,0.9987439946838043,0.9998562797522689,-0.05613174200392851,0.005632526485898406,0.628930920733857,0,0,0.3438682579960715,0.0390232881942137,1.0,0
scratch,1.0,0,2.5,clip_recal,0.9993520761076817,1.000088751568706,-0.17639607750963826,0.010744215877072354,0.5611190269662151,0,0,2.3236039224903617,0.07443811114631009,0.9375,0
scratch,1.0,0,2.5,clip_only,0.9993520761076817,1.000088751568706,-0.1777510068968704,0.010751364031895177,0.5610805403414684,0,0,2.3222489931031296,0.07448763501564408,0.9375,0
scratch,1.0,0,0.4,clip_recal,0.9993520761076817,1.000088751568706,-0.10733566093008257,0.006868652878167883,0.74891250559661,0,0,0.29266433906991746,0.0475874230581639,1.0,0
scratch,1.0,0,0.4,clip_only,0.9993520761076817,1.000088751568706,-0.11872359594309367,0.006374656580944735,0.7225598709495271,0,0,0.28127640405690635,0.044164916315998344,1.0,0
