sig_variant,sbi_variant,frac,seed,mu_true,bias,se,width,n_open,n_boundary,mean_muhat,std_muhat,coverage,n_spike
scratch,pretrained,0.01,0,2.5,-1.3328188141316708,0.13798925474896023,0.5397846136688587,19,19,1.1671811858683292,0.9560176004950564,0.0,0
scratch,pretrained,0.01,0,0.4,0.29130912430552325,0.012511987130535978,0.7742675097110014,0,0,0.6913091243055233,0.08668558965494495,0.9166666666666666,0
scratch,pretrained,0.01,1,2.5,-2.139844825924606,0.10941126919606818,0.48257256823842404,39,39,0.3601551740753938,0.7580235086727428,0.0,0
scratch,pretrained,0.01,1,0.4,0.5178834867641877,0.0061501190156043875,0.26173658174623293,0,0,0.9178834867641877,0.04260927443048915,0.0,45
scratch,pretrained,0.01,2,2.5,-1.3681342618318328,0.13973980728817717,0.5599405678321582,20,20,1.1318657381681672,0.9681457842520261,0.0,0
scratch,pretrained,0.01,2,0.4,0.1084354168668068,0.043188834579532806,0.4458008653424992,0,0,0.5084354168668068,0.2992210232457538,0.1875,2
scratch,pretrained,0.03,0,2.5,0.018395828331132957,0.01075433225438402,0.60781678855253,0,0,2.518395828331133,0.07450819946427946,1.0,0
scratch,pretrained,0.03,0,0.4,-0.024052886361970505,0.010738079029285287,0.8418652763316379,0,0,0.3759471136380295,0.07439559381764803,1.0,0
scratch,pretrained,0.03,1,2.5,-0.6323153274099378,0.07131488221298568,0.36324438656335395,3,3,1.8676846725900622,0.4940839973147248,0.0,0
scratch,pretrained,0.03,1,0.4,-0.16274860774536515,0.020997005528333917,0.42939898802397963,0,0,0.23725139225463487,0.14547152152751577,0.5,0
scratch,pretrained,0.03,2,2.5,-0.49953413991846185,0.010961280843025034,0.5231580368866032,0,0,2.000465860081538,0.07594198134460309,0.0,0
scratch,pretrained,0.03,2,0.4,-0.021772827345986234,0.047473754633254324,0.21723089077762162,0,0,0.3782271726540138,0.3289078202034195,0.0,8
scratch,pretrained,0.1,0,2.5,-2.5,0.0,,48,48,0.0,0.0,,0
scratch,pretrained,0.1,0,0.4,-0.3391552433838366,0.0011225184424158955,0.13120819186878266,0,0,0.06084475661616342,0.00777703589878964,0.0,0
scratch,pretrained,0.1,1,2.5,-0.6859232129585668,0.12748755501728487,0.5522875616189403,9,9,1.8140767870414332,0.8832596904906798,0.5641025641025641,0
scratch,pretrained,0.1,1,0.4,-0.19461029925358939,0.0040446853233489476,0.4148835907586022,0,0,0.20538970074641064,0.02802240192267412,0.875,0
scratch,pretrained,0.1,2,2.5,-0.2527177818208304,0.010971903357079166,0.5799708838722036,0,0,2.2472822181791696,0.07601557628078658,0.6666666666666666,0
scratch,pretrained,0.1,2,0.4,-0.0229530164386616,0.00842582371802294,0.7043311464207243,0,0,0.3770469835613384,0.05837581910093854,0.9791666666666666,0
scratch,pretrained,0.3,0,2.5,-0.058773867541441316,0.017807595644471513,0.5193679827002118,0,0,2.4412261324585587,0.12337464166746763,0.8958333333333334,0
scratch,pretrained,0.3,0,0.4,-0.024808659415675227,0.020989871997037023,0.8576918457784347,0,0,0.3751913405843248,0.14542209897294134,0.9166666666666666,0
scratch,pretrained,1.0,0,2.5,-0.23052556125653645,0.01073015717082857,0.5575001481246044,0,0,2.2694744387434636,0.07434070957229842,0.75,0
scratch,pretrained,1.0,0,0.4,-0.08273070296138646,0.00800801177714997,0.7753111423770873,0,0,0.31726929703861356,0.055481133062534736,1.0,0
pretrained,scratch,0.01,0,2.5,-2.3886302562622155,0.0629531031299851,0.5263501503165399,45,45,0.11136974373778465,0.43615189246103003,0.0,0
pretrained,scratch,0.01,0,0.4,0.4989531119627184,0.016903509407947093,0.14861345886532965,0,0,0.8989531119627184,0.11711094848313151,0.0,35
pretrained,scratch,0.01,1,2.5,-2.5,0.0,,48,48,0.0,0.0,,0
pretrained,scratch,0.01,1,0.4,0.5552419947199206,0.0035386906033607625,0.17996650276457585,0,0,0.9552419947199207,0.024516767669149623,0.0,48
pretrained,scratch,0.01,2,2.5,-0.8788683744704346,0.011744452146115277,0.49789051421099556,0,0,1.6211316255295654,0.08136795129653199,0.0,0
pretrained,scratch,0.01,2,0.4,0.4399035640291673,0.004338670736910228,0.21499574219713677,0,0,0.8399035640291673,0.030059192614563263,0.0,20
pretrained,scratch,0.03,0,2.5,-1.7350317508168867,0.08335439795589451,0.3407826060385882,17,17,0.7649682491831135,0.5774962091756987,0.0,9
pretrained,scratch,0.03,0,0.4,0.5499561112981219,0.012596954140373458,0.08285888414956251,0,0,0.949956111298122,0.08727425836696784,0.020833333333333332,46
pretrained,scratch,0.03,1,2.5,-1.2070602530140713,0.09744440751917467,0.49196929546727886,10,10,1.2929397469859287,0.675114658946629,0.0,0
pretrained,scratch,0.03,1,0.4,0.5377255367986065,0.006206453504797246,0.17321042294390807,0,0,0.9377255367986065,0.042999571220491035,0.0,47
pretrained,scratch,0.03,2,2.5,-0.36737097697624677,0.04709066182393029,0.6284297327830894,1,1,2.1326290230237532,0.32625367536436545,0.46808510638297873,0
pretrained,scratch,0.03,2,0.4,0.27699058124481724,0.03940728896756588,0.3825423969480804,0,0,0.6769905812448173,0.27302170672149034,0.3333333333333333,20
pretrained,scratch,0.1,0,2.5,-1.4518248848362363,0.14685154141537723,0.532957126845716,23,23,1.0481751151637637,1.0174173236049542,0.0,0
pretrained,scratch,0.1,0,0.4,0.5703920981022044,0.008396682500944629,0.18401551357956447,0,0,0.9703920981022044,0.05817392282664241,0.0,46
pretrained,scratch,0.1,1,2.5,-0.2184438763821821,0.010671151268498026,0.563267063142271,0,0,2.281556123617818,0.07393190468916662,0.8125,0
pretrained,scratch,0.1,1,0.4,0.5254107289468406,0.010475483634357356,0.44619677153182,0,0,0.9254107289468406,0.07257627955425286,0.0,40
pretrained,scratch,0.1,2,2.5,-0.6991567829783814,0.04002470018764941,0.5557993539604811,1,1,1.8008432170216186,0.27729925713088144,0.0,0
pretrained,scratch,0.1,2,0.4,0.5598162912100058,0.007983038129950413,0.17645625093788223,0,0,0.9598162912100058,0.055308110559335,0.0,46
pretrained,scratch,0.3,0,2.5,-0.4058802959931298,0.012850979820606807,0.5681938976538526,0,0,2.09411970400687,0.08903419990533346,0.10416666666666667,0
pretrained,scratch,0.3,0,0.4,0.5014907246990223,0.019015433201125642,0.2360195887980089,0,0,0.9014907246990224,0.13174278572912684,0.020833333333333332,39
pretrained,scratch,1.0,0,2.5,-0.13052508952505315,0.01306338854097631,0.5899878322567786,0,0,2.369474910474947,0.09050581068793613,0.9791666666666666,0
pretrained,scratch,1.0,0,0.4,-0.032738563057413406,0.02837808981029591,0.7907552374066307,0,0,0.3672614369425866,0.19660917349274062,0.8333333333333334,1
frozen,scratch,0.01,0,2.5,-1.7802817224334122,0.12983292330002263,0.5352378429877293,29,29,0.7197182775665879,0.8995088786033292,0.0,0
frozen,scratch,0.01,0,0.4,0.3833725249263835,0.011659546880386073,0.2724560314346987,0,0,0.7833725249263835,0.08077971036023952,0.0625,12
frozen,scratch,0.03,0,2.5,-0.6132234062994131,0.010872225618195846,0.625021604710953,0,0,1.886776593700587,0.0753249886482686,0.0,0
frozen,scratch,0.03,0,0.4,0.13073316082746977,0.021233429581094282,0.4660406956540095,0,0,0.5307331608274698,0.14710951541356496,0.6041666666666666,0
frozen,scratch,0.1,0,2.5,-0.2643714734028122,0.011061484695408,0.5622847906744077,0,0,2.235628526597188,0.07663621399836881,0.5625,0
frozen,scratch,0.1,0,0.4,0.44971577134406404,0.03295419415878574,0.36517765761686055,0,0,0.8497157713440641,0.2283133544220257,0.041666666666666664,35
frozen,scratch,0.3,0,2.5,-0.4654660001249482,0.010928929534563299,0.5548571793858859,0,0,2.034533999875052,0.07571784490481485,0.0,0
frozen,scratch,0.3,0,0.4,0.31901055367524656,0.029866362991714142,0.3233458415439548,0,0,0.7190105536752466,0.20692023255577482,0.0,3
frozen,scratch,1.0,0,2.5,-0.2517834654158815,0.011001555167260844,0.5800157793745696,0,0,2.2482165345841185,0.0762210100478708,0.7083333333333334,0
frozen,scratch,1.0,0,0.4,0.35113142696843747,0.022229230274397133,0.47545176090353314,0,0,0.7511314269684375,0.15400862499361634,0.020833333333333332,8
scratch,frozen,0.01,0,2.5,-1.1625705729785458,0.13176322632656132,0.5385041252647849,15,15,1.3374294270214542,0.9128824102672051,0.0,0
scratch,frozen,0.01,0,0.4,0.32298122724231637,0.010613455179866475,0.7550108382804771,0,0,0.7229812272423164,0.07353217446153525,0.8125,2
scratch,frozen,0.03,0,2.5,-0.15788685746136544,0.010803981836397044,0.6091619435390108,0,0,2.3421131425386346,0.07485218185876392,0.9791666666666666,0
scratch,frozen,0.03,0,0.4,0.026436059982824445,0.00814428289683365,0.7597300095943768,0,0,0.42643605998282447,0.05642524707412047,1.0,0
scratch,frozen,0.1,0,2.5,-0.21970679431407314,0.010438069101888514,0.560742356661306,0,0,2.280293205685927,0.07231706406954298,0.8541666666666666,0
scratch,frozen,0.1,0,0.4,-0.06113168252797846,0.00867837438890002,0.7724736038966743,0,0,0.33886831747202156,0.06012554147471737,1.0,0
scratch,frozen,0.3,0,2.5,-0.13557399169267947,0.01113598984275414,0.594185978433542,0,0,2.3644260083073205,0.07715240080088448,0.9791666666666666,0
scratch,frozen,0.3,0,0.4,-0.012783105179956455,0.011524669614626644,0.7522349175757458,0,0,0.38721689482004357,0.07984525325191431,0.9791666666666666,0
scratch,frozen,1.0,0,2.5,-0.33841743025839444,0.010545133587850138,0.5534925931011481,0,0,2.1615825697416056,0.0730588285870301,0.22916666666666666,0
scratch,frozen,1.0,0,0.4,-0.06511533797050645,0.005903160892619827,0.6758140213895092,0,0,0.3348846620294936,0.04089829836508474,1.0,0
frozen,pretrained,0.01,0,2.5,-1.637433311228825,0.13697558099821655,0.5431419959486948,26,26,0.8625666887711748,0.9489946627407085,0.0,0
frozen,pretrained,0.01,0,0.4,0.4057333592554503,0.011686570937544561,0.3111111965700048,0,0,0.8057333592554503,0.0809669385203401,0.020833333333333332,14
frozen,pretrained,0.03,0,2.5,-0.11570358188992191,0.0736348760989982,0.6243334771778833,2,2,2.384296418110078,0.5101573864500162,0.9782608695652174,0
frozen,pretrained,0.03,0,0.4,0.3220616954984876,0.02636343772833066,0.699328179195423,0,0,0.7220616954984876,0.1826512544305877,0.375,13
frozen,pretrained,0.1,0,2.5,-2.5,0.0,,48,48,0.0,0.0,,0
frozen,pretrained,0.1,0,0.4,-0.3628620181642453,0.0027044766306505027,0.06995959343775186,2,1,0.03713798183575473,0.018737163728677435,0.0,0
frozen,pretrained,0.3,0,2.5,-0.28198423658572525,0.01637951922970432,0.5021341489538078,0,0,2.2180157634142748,0.1134806380375973,0.5416666666666666,0
frozen,pretrained,0.3,0,0.4,0.4575632212457026,0.02452163884197001,0.5091632253992638,0,0,0.8575632212457026,0.169890897436586,0.0,34
frozen,pretrained,1.0,0,2.5,-0.32405808778260337,0.010959636140174072,0.5699338957520166,0,0,2.1759419122173966,0.07593058650899821,0.3333333333333333,0
frozen,pretrained,1.0,0,0.4,0.40457441936488414,0.00854645468309509,0.4317088758668303,0,0,0.8045744193648842,0.05921157494282264,0.0,10
pretrained,frozen,0.01,0,2.5,-2.152411680131138,0.10564973565335575,0.529904465902515,39,39,0.34758831986886224,0.7319628398313329,0.0,0
pretrained,frozen,0.01,0,0.4,0.5283826337630178,0.011569631198869489,0.17048759145935913,0,0,0.9283826337630178,0.0801567562451039,0.0,41
pretrained,frozen,0.03,0,2.5,-2.5,0.0,,48,48,0.0,0.0,,0
pretrained,frozen,0.03,0,0.4,0.5791756050486504,0.004365346796740287,0.10277317377923832,0,0,0.9791756050486504,0.030244009778448898,0.0,48
pretrained,frozen,0.1,0,2.5,-1.6139141041203722,0.14673514514663238,0.5719235228209992,27,27,0.8860858958796278,1.016610906599844,0.0,0
pretrained,frozen,0.1,0,0.4,0.5427585210435453,0.010061831756901897,0.18049598301479552,0,0,0.9427585210435453,0.06971041528065643,0.0,40
pretrained,frozen,0.3,0,2.5,-0.26227406033949263,0.012122928664363743,0.5901933608413793,0,0,2.2377259396605074,0.08399011353284444,0.6666666666666666,0
pretrained,frozen,0.3,0,0.4,0.515093243120214,0.01952490691624123,0.2851131065123926,0,0,0.915093243120214,0.13527252316793112,0.041666666666666664,41
pretrained,frozen,1.0,0,2.5,-0.2869949066995017,0.010887377320400056,0.5781499936471262,0,0,2.2130050933004983,0.07542996272042397,0.4583333333333333,0
pretrained,frozen,1.0,0,0.4,0.04361964961226278,0.020939873819737265,0.6855960485101772,0,0,0.4436196496122628,0.14507570143946527,0.8333333333333334,1
