variant,seed,frac_sig,mu_true,bias_ref,n_open_ref,mean_width_ref,bias_val,n_open_val,mean_width_val,shift
frozen,0,0.01,0.4,0.4071708474622898,0,0.31137799316525466,0.43689189505522985,0,0.3405126939886464,0.02972104759294003
frozen,0,0.03,0.4,0.2704136270633851,0,0.594644254337911,0.30328855361785023,0,0.6141282475494058,0.03287492655446511
frozen,0,0.1,0.4,0.4137815000811378,0,0.4317630662498477,0.385875412668236,0,0.42062740671752996,-0.027906087412901792
frozen,0,0.3,0.4,0.4022906473925464,0,0.46087716692413383,0.43050823302961216,0,0.4786187028735605,0.02821758563706578
frozen,0,1.0,0.4,0.3590078089158507,0,0.3661593647872115,0.3538513740417355,0,0.3622286936943773,-0.005156434874115212
poster,0,1.0,0.4,0.5081502070824095,0,0.4049796812151955,0.3427083865401537,0,0.3279329356803589,-0.16544182054225587
pretrained,0,0.01,0.4,0.5305888800876616,0,0.1625921199403527,0.5491147125652217,0,0.17279002656980583,0.018525832477560122
pretrained,1,0.01,0.4,0.570809562810169,0,0.20759188496921263,0.5734249945461001,0,0.21171621445372724,0.0026154317359310397
pretrained,2,0.01,0.4,0.5245167053125719,0,0.22448460600820105,0.5109892188511687,0,0.20726713971210173,-0.013527486461403226
pretrained,0,0.03,0.4,0.5936588555662659,0,0.11890841459015378,0.595444047783819,0,0.12322203652204304,0.0017851922175531332
pretrained,1,0.03,0.4,0.5913450371835014,0,0.2031665115469914,0.5780986122430638,0,0.1821095391249574,-0.013246424940437596
pretrained,2,0.03,0.4,0.25054973271033354,0,0.39000964990418696,0.3488413994283295,0,0.42381256171884624,0.09829166671799594
pretrained,0,0.1,0.4,-0.38587174194288076,25,0.0319319301202772,0.5256187803040067,0,0.13700645411210186,0.9114905222468874
pretrained,1,0.1,0.4,0.23798603032545496,0,0.2690726241282105,0.1629129902098292,0,0.21578942873438445,-0.07507304011562577
pretrained,2,0.1,0.4,0.57748819526356,0,0.18148698778558722,0.5558090405991807,0,0.130089663759937,-0.021679154664379308
pretrained,0,0.3,0.4,0.5521197165704748,0,0.33342565814888575,0.5091552247985617,0,0.2909226965463118,-0.04296449177191308
pretrained,0,1.0,0.4,0.05606570914276737,0,0.8084291805275517,0.026164709377535567,0,0.7357804928631296,-0.029900999765231806
scratch,0,0.01,0.4,0.20248436359222677,0,0.7814396069375752,0.1962768236027106,0,0.756329012324441,-0.006207539989516175
scratch,1,0.01,0.4,0.5639596618978334,0,0.20963866619120622,0.5529034652033766,0,0.19287607972315665,-0.011056196694456788
scratch,2,0.01,0.4,0.17967640876299795,0,0.709891876462246,0.14933235427311875,0,0.7082625764776821,-0.030344054489879202
scratch,0,0.03,0.4,-0.038835460964344315,0,0.5420829427937943,-0.03590606124765855,0,0.5406567613018319,0.0029293997166857655
scratch,1,0.03,0.4,0.11195972379335639,0,0.6811838563098483,0.06692890866711326,0,0.6510622389236035,-0.04503081512624313
scratch,2,0.03,0.4,0.018788648841325695,0,0.5482337774009595,0.07866472440977768,0,0.5761668028438675,0.05987607556845198
scratch,0,0.1,0.4,-0.1002974300627803,0,0.6986631479132606,-0.10027390713953299,0,0.6819839165581091,2.352292324730998e-05
scratch,1,0.1,0.4,0.02957323995057537,0,0.9774098550800877,0.1692322757730793,0,0.9839611116451524,0.13965903582250394
scratch,2,0.1,0.4,0.0366579540486664,0,0.7165162245911033,0.06768056354781404,0,0.7313438330808936,0.031022609499147646
scratch,0,0.3,0.4,-0.01815942686298494,0,0.6214946165402463,-0.04039212840547257,0,0.5871884603618996,-0.022232701542487632
scratch,0,1.0,0.4,-0.11872359594327048,0,0.7225598709495004,-0.10733566093167524,0,0.7489125055965976,0.01138793501159524
frozen,0,0.01,2.5,-1.5967846158614285,25,0.5283767899586937,-0.7328963257730567,4,0.5305067099089443,0.8638882900883718
frozen,0,0.03,2.5,-0.1877269983942682,0,0.6563247385673389,-0.1652455415815406,0,0.6551776081508286,0.022481456812727618
frozen,0,0.1,2.5,-0.2925414780409805,0,0.5735575896108501,-0.32427449864289404,0,0.5740370615760859,-0.03173302060191352
frozen,0,0.3,2.5,-0.32476917385324944,0,0.5710768250935399,-0.3151964765337296,0,0.5711480264360081,0.009572697319519818
frozen,0,1.0,2.5,-0.4212142497613893,0,0.5639772981278962,-0.43255757320450483,0,0.5640505629328773,-0.011343323443115505
poster,0,1.0,2.5,-0.16597707631456027,0,0.572915138546893,-0.2879431214768622,0,0.5736402708923528,-0.12196604516230192
pretrained,0,0.01,2.5,-2.077121229629679,37,0.5373876983232649,-1.8157351931747354,30,0.5400100362666133,0.2613860364549434
pretrained,1,0.01,2.5,-2.5,48,,-2.5,48,,0.0
pretrained,2,0.01,2.5,-1.3054752837392443,16,0.5115014188812523,-1.9072556799293792,32,0.5070589688697823,-0.6017803961901349
pretrained,0,0.03,2.5,-2.5,48,,-2.5,48,,0.0
pretrained,1,0.03,2.5,-2.196222713014886,40,0.47444989631606627,-2.3862446926798824,45,0.4954661102790517,-0.19002197966499645
pretrained,2,0.03,2.5,-0.3615787041435863,0,0.6181801885111321,-0.29387770180790174,0,0.616135158450531,0.06770100233568455
pretrained,0,0.1,2.5,-2.5,48,,-2.237814767380597,41,0.5638366234270957,0.26218523261940296
pretrained,1,0.1,2.5,-1.2106811561805688,20,0.5664982423663826,-2.2293834119975364,42,0.5638733189142963,-1.0187022558169676
pretrained,2,0.1,2.5,-0.7420495888255798,3,0.5560717485195783,-2.462398587249135,47,0.5397588773738351,-1.7203489984235552
pretrained,0,0.3,2.5,-0.22414908390192378,0,0.47883041475493915,-0.5748129839378071,6,0.48491910084057654,-0.3506639000358833
pretrained,0,1.0,2.5,-0.1733095182748121,0,0.5819047981075278,-0.21322545944502114,0,0.5827358277271013,-0.039915941170209024
scratch,0,0.01,2.5,-1.293838120826612,17,0.5381020257273003,-1.231386618824626,15,0.5398627546828498,0.062451502001986015
scratch,1,0.01,2.5,-0.7361490891513516,0,0.4644935363102635,-0.9170900641440853,4,0.46357106946243326,-0.18094097499273376
scratch,2,0.01,2.5,-0.7376583896701261,0,0.5570739386548366,-0.7636944751151848,0,0.5582774877629004,-0.026036085445058754
scratch,0,0.03,2.5,-0.5525497441504166,0,0.5934755108759437,-0.5564697386246555,0,0.593598964824697,-0.003919994474238964
scratch,1,0.03,2.5,-0.47837457660294724,0,0.5484765891110033,-0.5073046892565944,0,0.5493697589846473,-0.0289301126536472
scratch,2,0.03,2.5,-0.47370640050686896,0,0.5297655573040393,-0.4812763273333842,0,0.5297882153585648,-0.00756992682651525
scratch,0,0.1,2.5,-0.20241009683881606,0,0.5490937192200499,-0.20885620031189012,0,0.549217811605691,-0.006446103473074061
scratch,1,0.1,2.5,-0.1499624373335129,0,0.5536110966496086,-0.1524389818049885,0,0.5537618715129632,-0.0024765444714756057
scratch,2,0.1,2.5,-0.287691249635623,0,0.5813695823463135,-0.279443174394189,0,0.5811671563819085,0.008248075241434005
scratch,0,0.3,2.5,-0.2746738319848925,0,0.58115439961108,-0.29225813589367844,0,0.5814424539735409,-0.01758430390878596
scratch,0,1.0,2.5,-0.1777510068968704,0,0.5610805403414706,-0.1763960775102622,0,0.5611190269663625,0.0013549293866081946
