variant,task,frac,seed,auc,C_ref,C_val,best_epoch,mean_r_val,max_r_val,n_big_val,w_frac_big,share_big,share_big_num,tail_overestimate,max_r_toys_mu2p5,n_big_toys_mu2p5,wfrac_big_toys_mu2p5,max_r_toys_mu0p4,n_big_toys_mu0p4,wfrac_big_toys_mu0p4
frozen,sbi_over_bkg,0.01,0,0.5059795165157339,0.9927292182531161,0.9928323631364434,16,0.9998961104742785,1.0499180163543484,0,0.0,0.0,0.0,0.0,1.049842868838385,0,0.0,1.049842868838385,0,0.0
frozen,sbi_over_bkg,0.03,0,0.5067542137276293,1.0058326434315048,1.0059581069536139,10,0.9998752795755192,1.0570051666994615,0,0.0,0.0,0.0,0.0,1.057862604457094,0,0.0,1.057862604457094,0,0.0
frozen,sbi_over_bkg,0.1,0,0.5064728599601868,1.0042681675328293,1.004386529309814,9,0.9998821551528912,1.0554759065173929,0,0.0,0.0,0.0,0.0,1.0548631893083598,0,0.0,1.0548631893083598,0,0.0
frozen,sbi_over_bkg,0.3,0,0.5066990190326572,1.0047140367920069,1.0048802193561743,14,0.9998346245045266,1.03520995204039,0,0.0,0.0,0.0,0.0,1.035426498454112,0,0.0,1.035426498454112,0,0.0
frozen,sbi_over_bkg,1.0,0,0.5063515798592202,1.0005577428725991,1.0006378122816544,13,0.9999199816276453,1.0575130001979327,0,0.0,0.0,0.0,0.0,1.058358546185923,0,0.0,1.058358546185923,0,0.0
frozen,sig_over_bkg,0.01,0,0.8611211607309142,0.8396495819938287,0.8525608105086796,1,0.9848559441676101,237.87420252538251,1173,0.0022044525857970645,0.10173111253189196,0.034123822899276166,2.9812343368494587,246.16604963643215,4326,0.002768691318705991,246.16604963643215,4326,0.0013856097503280786
frozen,sig_over_bkg,0.03,0,0.8641217482712865,1.0162992415044438,1.0191928860654085,1,0.9971608469794804,90.07511073054938,90,0.0006075354880727908,0.02475324348411465,0.008334791894749378,2.969869409661963,172.68655680136,572,0.0006388544143696688,172.68655680136,572,0.0003113006006837045
frozen,sig_over_bkg,0.1,0,0.8697489614517832,0.9295047688117719,0.920721939557806,10,1.0095390680688938,806.2393539600258,239,0.0009621908120961375,0.046966811153992316,0.018826905808233485,2.4946643719571027,312.84317155076474,1349,0.0011747071802681746,312.84317155076474,1349,0.0005362228792566875
frozen,sig_over_bkg,0.3,0,0.8686609094406497,0.9549122016538677,0.9554475849683689,3,0.9994396518208594,70.95287908701093,710,0.0017347604790606775,0.07194011549819355,0.031137124623566867,2.3104289932970876,73.51006973493658,3596,0.002140010988509701,73.51006973493658,3596,0.0008921773555541417
frozen,sig_over_bkg,1.0,0,0.8708707505297305,0.8698517096438149,0.86643313899203,6,1.0039455677512081,76.14820647494477,702,0.0016980490450039035,0.07454013372128937,0.028676974068288015,2.5993026162309927,120.63892608825314,3487,0.0020391761872941686,120.63892608825314,3487,0.0008608687753742444
poster,sbi_over_bkg,1.0,0,0.5080077457823523,0.9991029431372801,0.9991854099868024,20,0.9999174659190396,1.0563309086781427,0,0.0,0.0,0.0,0.0,1.064616621104826,0,0.0,1.064616621104826,0,0.0
poster,sig_over_bkg,1.0,0,0.8842386985280507,1.0308351843312082,0.9976023248767675,7,1.0333127325645979,138.6000657561566,310,0.0013340094268682176,0.07021219481317852,0.022916105771493247,3.063879854338942,319.93990216578965,1710,0.0011224866181512069,319.93990216578965,1710,0.0005292629163151395
pretrained,sbi_over_bkg,0.01,0,0.5056107134825643,1.0040586106526324,1.0042000588562934,13,0.9998591434023396,1.2856421663815933,0,0.0,0.0,0.0,0.0,1.291541480873728,0,0.0,1.291541480873728,0,0.0
pretrained,sbi_over_bkg,0.01,1,0.5068903587106754,1.0065541878744653,1.0066839757941823,10,0.9998710738197509,1.1129895783259531,0,0.0,0.0,0.0,0.0,1.1241908217256054,0,0.0,1.1241908217256054,0,0.0
pretrained,sbi_over_bkg,0.01,2,0.506363133987388,0.9946015124294721,0.9947353115165628,8,0.999865492774267,1.5068623008486919,0,0.0,0.0,0.0,0.0,1.5281278962209888,0,0.0,1.5281278962209888,0,0.0
pretrained,sbi_over_bkg,0.03,0,0.5070563326495008,1.0037339151186115,1.0038488220683803,12,0.9998855336109954,1.2232126434073152,0,0.0,0.0,0.0,0.0,1.2160254818012997,0,0.0,1.2160254818012997,0,0.0
pretrained,sbi_over_bkg,0.03,1,0.5063999345209491,1.0072589805134622,1.0072860491523492,8,0.9999731271579608,1.2607671381129053,0,0.0,0.0,0.0,0.0,1.5701292094219463,0,0.0,1.5701292094219463,0,0.0
pretrained,sbi_over_bkg,0.03,2,0.5059548278134863,0.990007987543471,0.9900919849001959,8,0.9999151620677615,1.8508395643234703,0,0.0,0.0,0.0,0.0,1.9793986221503355,0,0.0,1.9793986221503355,0,0.0
pretrained,sbi_over_bkg,0.1,0,0.5058994852329026,1.0006744251698414,1.0072044042866617,15,0.9935167289886455,1.4307951034391375,0,0.0,0.0,0.0,0.0,1399043.2890828648,8,3.0029118798531965e-06,1399043.2890828648,8,2.4293095165918808e-06
pretrained,sbi_over_bkg,0.1,1,0.5054019473970041,0.9971838394283827,0.9972150527850713,5,0.9999686994729959,1.4641941404334515,0,0.0,0.0,0.0,0.0,1.4934188527304082,0,0.0,1.4934188527304082,0,0.0
pretrained,sbi_over_bkg,0.1,2,0.5069544175343459,0.9969118775020019,0.9970409934313977,12,0.9998705008818629,1.7545234193325558,0,0.0,0.0,0.0,0.0,1.7981759153152364,0,0.0,1.7981759153152364,0,0.0
pretrained,sbi_over_bkg,0.3,0,0.5057803284154387,0.9975909247749402,0.9977275647039289,10,0.9998630488584033,1.2944238296840913,0,0.0,0.0,0.0,0.0,1.3403357301513783,0,0.0,1.3403357301513783,0,0.0
pretrained,sbi_over_bkg,1.0,0,0.5058296104576183,0.996631808193834,0.996697436782347,12,0.9999341539507468,1.5525024730608559,0,0.0,0.0,0.0,0.0,1.9117598229971215,0,0.0,1.9117598229971215,0,0.0
pretrained,sig_over_bkg,0.01,0,0.8629826921963836,0.7816329995896586,0.783058998408413,1,0.9981789382132733,654.7029851443924,569,0.0019083457022042978,0.13574142641937922,0.030923598299785474,4.389574107885139,1226.0520432777344,2879,0.0021867493628509797,1226.0520432777344,2879,0.0010862911948101657
pretrained,sig_over_bkg,0.01,1,0.8656740792183456,0.6910088055695416,0.6921431969036409,1,0.9983610453166714,454.2120152257019,813,0.0031523793736647136,0.2365738221361618,0.039410598201221524,6.002797037697063,593.9237554202377,5064,0.0037307495865624655,593.9237554202377,5064,0.002255163061169232
pretrained,sig_over_bkg,0.01,2,0.8638869750891287,0.8502812384335654,0.8337963988529314,1,1.0197708212740093,117.48527734823932,1385,0.004082161956997405,0.214761100133266,0.06514403718223119,3.29671155523417,173.3872856767935,6130,0.003885925822938738,173.3872856767935,6130,0.0018189612021493084
pretrained,sig_over_bkg,0.03,0,0.8706362426191546,0.6830407612413377,0.6880613507714963,2,0.9927032821644042,1231.9212942711858,467,0.002133297551288665,0.27576145813725844,0.03874081465594091,7.118112011487357,1913.704283309969,3136,0.0025910714640875977,1913.704283309969,3136,0.001271807361602673
pretrained,sig_over_bkg,0.03,1,0.8724842341497088,0.7579739164791881,0.739702606906576,2,1.02470088573707,345.6515115122995,744,0.003139048471889516,0.2242459141311217,0.04273388332660533,5.2474967560813806,648.085972496994,4690,0.0034500329813331038,648.085972496994,4690,0.0019970999790982135
pretrained,sig_over_bkg,0.03,2,0.8682337825756979,1.0248220802973864,1.0386912907252743,1,0.9866474181966005,858.2286317308211,116,0.0005094283041520976,0.02557260813991691,0.0070435041077219,3.6306656103005994,1321.5644928020508,671,0.0003561677614683581,1321.5644928020508,671,0.00020438937848304623
pretrained,sig_over_bkg,0.1,0,0.8758067557938516,0.8563517789348819,0.8251319968488845,5,1.03783610647172,3938.600589556762,280,0.0013158417562075247,0.14080849722348038,0.023137615175535056,6.085696220428396,1705.8671694861232,1667,0.0013695290413043204,1705.8671694861232,1667,0.0006312333106003119
pretrained,sig_over_bkg,0.1,1,0.8789486562854224,0.8463231087916459,0.8295433895390966,3,1.020227657123363,111.51288412130413,400,0.0018265347716154485,0.08249749403754957,0.028927781788606378,2.8518430704577007,214.861170301219,2676,0.001975543751884851,214.861170301219,2676,0.0010363208481444953
pretrained,sig_over_bkg,0.1,2,0.87400878074552,0.8193357460437672,0.7607729510475624,7,1.076978019415077,1907.5762437336239,435,0.0016952725934327793,0.1812774822505123,0.02536328117538156,7.147240966064998,1594.9750525415684,2667,0.001869129658689687,1594.9750525415684,2667,0.0009868183985937142
pretrained,sig_over_bkg,0.3,0,0.8809004344109742,0.9543071946478464,0.9343591767224129,10,1.0213494108287224,959.8941786633873,105,0.0007471864687039454,0.06234652773388048,0.011619297541269068,5.365774265822868,1190.9326261445801,677,0.0007576098116648963,1190.9326261445801,677,0.0004175147012645565
pretrained,sig_over_bkg,1.0,0,0.8799403070053514,1.0619267390406664,1.0506334956676524,7,1.0107489847026412,110.62631850260131,22,0.00015567119988914215,0.005805674384204793,0.0014656664327554944,3.9611157453404733,325.0385729553247,124,8.717895451656224e-05,325.0385729553247,124,5.114551717092604e-05
scratch,sbi_over_bkg,0.01,0,0.5035402168104988,1.0182401106420962,1.0183997236407796,3,0.9998432707757297,1.0262713404576418,0,0.0,0.0,0.0,0.0,1.0268808079158342,0,0.0,1.0268808079158342,0,0.0
scratch,sbi_over_bkg,0.01,1,0.5045116530375776,0.9936355603693849,0.9936667106064624,2,0.9999686512220397,1.0194249780070077,0,0.0,0.0,0.0,0.0,1.0196229089416011,0,0.0,1.0196229089416011,0,0.0
scratch,sbi_over_bkg,0.01,2,0.5038345060234753,0.9747103777398174,0.9747150375484176,2,0.9999952193118803,1.0107519461500316,0,0.0,0.0,0.0,0.0,1.010880922080161,0,0.0,1.010880922080161,0,0.0
scratch,sbi_over_bkg,0.03,0,0.5003929977159516,0.9852998073192291,0.9853375701128471,4,0.9999616752727558,1.0300115343606135,0,0.0,0.0,0.0,0.0,1.0306547282903906,0,0.0,1.0306547282903906,0,0.0
scratch,sbi_over_bkg,0.03,1,0.5025466212005927,1.0093874405047132,1.0094047815368563,2,0.9999828205369535,1.0187207097220552,0,0.0,0.0,0.0,0.0,1.0187784673346938,0,0.0,1.0187784673346938,0,0.0
scratch,sbi_over_bkg,0.03,2,0.5072208808386669,0.998599710903552,0.9987187389569119,7,0.9998808192449817,1.0121422080987732,0,0.0,0.0,0.0,0.0,1.0122866064839793,0,0.0,1.0122866064839793,0,0.0
scratch,sbi_over_bkg,0.1,0,0.50722232269178,1.0159618616928863,1.0159676941620717,3,0.9999942591981822,1.0173897732545374,0,0.0,0.0,0.0,0.0,1.0174497237399502,0,0.0,1.0174497237399502,0,0.0
scratch,sbi_over_bkg,0.1,1,0.5072268137324616,0.973369856680713,0.9735351285258246,2,0.999830235355388,1.0284959838786274,0,0.0,0.0,0.0,0.0,1.0286419555678166,0,0.0,1.0286419555678166,0,0.0
scratch,sbi_over_bkg,0.1,2,0.5076297637395704,0.9704366080289079,0.9705261733419004,5,0.9999077146856493,1.0199289897979602,0,0.0,0.0,0.0,0.0,1.019987410752552,0,0.0,1.019987410752552,0,0.0
scratch,sbi_over_bkg,0.3,0,0.5067822773840267,0.9724702350486026,0.9723304713855102,3,1.0001437409062097,1.0151890498668026,0,0.0,0.0,0.0,0.0,1.0152275377920978,0,0.0,1.0152275377920978,0,0.0
scratch,sbi_over_bkg,1.0,0,0.5071023677863804,0.9923683837174324,0.992456457968222,3,0.9999112563074358,1.0746252410106913,0,0.0,0.0,0.0,0.0,1.074772287326476,0,0.0,1.074772287326476,0,0.0
scratch,sig_over_bkg,0.01,0,0.8499766662124956,0.5726282136911798,0.5689844879364496,1,1.0064039105318052,51.232509614751784,434,0.0009648360283963678,0.03417686587280718,0.01145699892483433,2.9830556934700407,56.57307418911337,1923,0.0012712039423220546,56.57307418911337,1923,0.0007475256554662529
scratch,sig_over_bkg,0.01,1,0.8520593559040849,0.8215889076444741,0.8072665954802183,1,1.017741737666893,172.83040842034117,1195,0.003967802559669013,0.198283844017942,0.06691429344763133,2.963250955838359,179.10002588541357,6620,0.0044835242026842114,179.10002588541357,6620,0.0021111287346393605
scratch,sig_over_bkg,0.01,2,0.8533829955684482,0.62625913815245,0.6220007940190266,1,1.006846203693581,55.25340291213179,314,0.0016015912987008174,0.05921327856540828,0.027657150150693303,2.140975416584052,57.64076742147973,1957,0.0015692009063722606,57.64076742147973,1957,0.0007210570983645092
scratch,sig_over_bkg,0.03,0,0.8800281090057378,1.1365086464414536,1.1349956926898026,1,1.0013330039588657,22.49803415312036,0,0.0,0.0,0.0,0.0,22.367340254342203,0,0.0,22.367340254342203,0,0.0
scratch,sig_over_bkg,0.03,1,0.8775656389283515,0.9067868433977099,0.8994102723493449,1,1.008201564152805,57.062999791565694,190,0.0011535404234726534,0.04359371408481934,0.020974790266348776,2.078386173651499,75.22052563934228,1370,0.0012513169955503812,75.22052563934228,1370,0.0005320243388454606
scratch,sig_over_bkg,0.03,2,0.8785645800008696,1.1134954832606072,1.1092610914637113,1,1.0038173085033646,254.51532374179223,1151,0.0030437087929004285,0.11428205110030298,0.05318376080192655,2.148814776862549,357.41247696386324,4547,0.002647055246942621,357.41247696386324,4547,0.00114177405569939
scratch,sig_over_bkg,0.1,0,0.8824593893832244,0.9623654750048365,0.9604839977887195,4,1.0019588845003646,37.36506645969334,1,1.956557894962161e-06,7.296398775280507e-05,0.0,72963987.75280507,64.2282036655953,8,3.6631466431982684e-06,64.2282036655953,8,3.7644410851856973e-06
scratch,sig_over_bkg,0.1,1,0.8827379803904688,0.8928758251406156,0.890465655938758,1,1.0027066391452424,27.452726529112375,0,0.0,0.0,0.0,0.0,27.204542922252088,0,0.0,27.204542922252088,0,0.0
scratch,sig_over_bkg,0.1,2,0.882654284491036,1.056500232755747,1.057548279495517,2,0.99900898449736,26.15570570109259,0,0.0,0.0,0.0,0.0,92.37628015884587,6,1.973782996567696e-06,92.37628015884587,6,2.0411968733029956e-06
scratch,sig_over_bkg,0.3,0,0.8849808039758275,1.1281757606951461,1.1251094300537756,7,1.0027253621376402,83.64462863246018,36,6.235035721711156e-05,0.0033292146890397676,6.247175161602701e-06,532.9152141438698,82.06077390946217,183,6.287751684222043e-05,82.06077390946217,183,6.525261078317322e-05
scratch,sig_over_bkg,1.0,0,0.8843246015442087,1.0557330633684743,1.0550490286928074,4,1.0006483439698668,23.700352276401265,0,0.0,0.0,0.0,0.0,23.7698192091178,0,0.0,23.7698192091178,0,0.0
